Timestamp,Apartment_ID,Building_ID,Date,Period,Household_Members,Water_Using_Appliances,Water_Consumption_Liters,Night_Flow_2AM_5AM_Liters,Idle_Time_Flow_Liters
2026-09-01 03:00,101,1,2026-09-01,Night,4,6,30.9,0.8,0.8
2026-09-01 11:00,101,1,2026-09-01,Workday,4,6,195.3,0.0,0.9
2026-09-01 16:00,101,1,2026-09-01,Afternoon,4,6,413.1,0.0,0.0
2026-09-01 20:00,101,1,2026-09-01,Evening,4,6,953.2,0.0,0.0
2026-09-01 03:00,102,1,2026-09-01,Night,5,7,35.9,1.1,1.1
2026-09-01 11:00,102,1,2026-09-01,Workday,5,7,195.1,0.0,1.4
2026-09-01 16:00,102,1,2026-09-01,Afternoon,5,7,452.6,0.0,0.0
2026-09-01 20:00,102,1,2026-09-01,Evening,5,7,997.8,0.0,0.0
2026-09-01 03:00,103,1,2026-09-01,Night,3,5,21.7,1.1,1.1
2026-09-01 11:00,103,1,2026-09-01,Workday,3,5,143.8,0.0,1.7
2026-09-01 16:00,103,1,2026-09-01,Afternoon,3,5,281.0,0.0,0.0
2026-09-01 20:00,103,1,2026-09-01,Evening,3,5,784.6,0.0,0.0
2026-09-01 03:00,104,1,2026-09-01,Night,6,8,41.2,1.8,1.8
2026-09-01 11:00,104,1,2026-09-01,Workday,6,8,252.7,0.0,23.4
2026-09-01 16:00,104,1,2026-09-01,Afternoon,6,8,535.6,0.0,0.0
2026-09-01 20:00,104,1,2026-09-01,Evening,6,8,1092.9,0.0,0.0
2026-09-01 03:00,201,2,2026-09-01,Night,4,6,30.3,0.4,0.4
2026-09-01 11:00,201,2,2026-09-01,Workday,4,6,198.6,0.0,0.2
2026-09-01 16:00,201,2,2026-09-01,Afternoon,4,6,417.3,0.0,0.0
2026-09-01 20:00,201,2,2026-09-01,Evening,4,6,817.5,0.0,0.0
2026-09-01 03:00,202,2,2026-09-01,Night,5,7,32.6,1.5,1.5
2026-09-01 11:00,202,2,2026-09-01,Workday,5,7,233.4,0.0,1.2
2026-09-01 16:00,202,2,2026-09-01,Afternoon,5,7,480.2,0.0,0.0
2026-09-01 20:00,202,2,2026-09-01,Evening,5,7,1043.6,0.0,0.0
2026-09-01 03:00,203,2,2026-09-01,Night,3,5,23.4,0.0,0.0
2026-09-01 11:00,203,2,2026-09-01,Workday,3,5,131.0,0.0,38.1
2026-09-01 16:00,203,2,2026-09-01,Afternoon,3,5,361.1,0.0,0.0
2026-09-01 20:00,203,2,2026-09-01,Evening,3,5,746.2,0.0,0.0
2026-09-01 03:00,204,2,2026-09-01,Night,6,8,46.0,0.9,0.9
2026-09-01 11:00,204,2,2026-09-01,Workday,6,8,248.9,0.0,1.7
2026-09-01 16:00,204,2,2026-09-01,Afternoon,6,8,531.7,0.0,0.0
2026-09-01 20:00,204,2,2026-09-01,Evening,6,8,1213.9,0.0,0.0
2026-09-01 03:00,301,3,2026-09-01,Night,4,6,29.4,0.8,0.8
2026-09-01 11:00,301,3,2026-09-01,Workday,4,6,183.2,0.0,1.2
2026-09-01 16:00,301,3,2026-09-01,Afternoon,4,6,328.0,0.0,0.0
2026-09-01 20:00,301,3,2026-09-01,Evening,4,6,849.7,0.0,0.0
2026-09-01 03:00,302,3,2026-09-01,Night,5,7,37.3,0.4,0.4
2026-09-01 11:00,302,3,2026-09-01,Workday,5,7,212.5,0.0,0.7
2026-09-01 16:00,302,3,2026-09-01,Afternoon,5,7,486.9,0.0,0.0
2026-09-01 20:00,302,3,2026-09-01,Evening,5,7,1063.2,0.0,0.0
2026-09-01 03:00,303,3,2026-09-01,Night,2,4,18.6,0.9,0.9
2026-09-01 11:00,303,3,2026-09-01,Workday,2,4,123.5,0.0,2.7
2026-09-01 16:00,303,3,2026-09-01,Afternoon,2,4,243.1,0.0,0.0
2026-09-01 20:00,303,3,2026-09-01,Evening,2,4,579.6,0.0,0.0
2026-09-02 03:00,101,1,2026-09-02,Night,4,6,30.4,0.0,0.0
2026-09-02 11:00,101,1,2026-09-02,Workday,4,6,191.9,0.0,2.2
2026-09-02 16:00,101,1,2026-09-02,Afternoon,4,6,410.0,0.0,0.0
2026-09-02 20:00,101,1,2026-09-02,Evening,4,6,872.0,0.0,0.0
2026-09-02 03:00,102,1,2026-09-02,Night,5,7,34.5,0.7,0.7
2026-09-02 11:00,102,1,2026-09-02,Workday,5,7,231.2,0.0,2.7
2026-09-02 16:00,102,1,2026-09-02,Afternoon,5,7,483.5,0.0,0.0
2026-09-02 20:00,102,1,2026-09-02,Evening,5,7,1107.9,0.0,0.0
2026-09-02 03:00,103,1,2026-09-02,Night,3,5,24.6,0.8,0.8
2026-09-02 11:00,103,1,2026-09-02,Workday,3,5,141.5,0.0,1.5
2026-09-02 16:00,103,1,2026-09-02,Afternoon,3,5,362.7,0.0,0.0
2026-09-02 20:00,103,1,2026-09-02,Evening,3,5,775.5,0.0,0.0
2026-09-02 03:00,104,1,2026-09-02,Night,6,8,40.3,0.4,0.4
2026-09-02 11:00,104,1,2026-09-02,Workday,6,8,254.6,0.0,38.1
2026-09-02 16:00,104,1,2026-09-02,Afternoon,6,8,492.8,0.0,0.0
2026-09-02 20:00,104,1,2026-09-02,Evening,6,8,1281.2,0.0,0.0
2026-09-02 03:00,201,2,2026-09-02,Night,4,6,31.9,0.9,0.9
2026-09-02 11:00,201,2,2026-09-02,Workday,4,6,194.6,0.0,1.1
2026-09-02 16:00,201,2,2026-09-02,Afternoon,4,6,375.6,0.0,0.0
2026-09-02 20:00,201,2,2026-09-02,Evening,4,6,897.9,0.0,0.0
2026-09-02 03:00,202,2,2026-09-02,Night,5,7,38.6,0.2,0.2
2026-09-02 11:00,202,2,2026-09-02,Workday,5,7,226.4,0.0,1.5
2026-09-02 16:00,202,2,2026-09-02,Afternoon,5,7,472.8,0.0,0.0
2026-09-02 20:00,202,2,2026-09-02,Evening,5,7,1076.4,0.0,0.0
2026-09-02 03:00,203,2,2026-09-02,Night,3,5,24.9,0.4,0.4
2026-09-02 11:00,203,2,2026-09-02,Workday,3,5,158.6,0.0,36.0
2026-09-02 16:00,203,2,2026-09-02,Afternoon,3,5,329.6,0.0,0.0
2026-09-02 20:00,203,2,2026-09-02,Evening,3,5,799.9,0.0,0.0
2026-09-02 03:00,204,2,2026-09-02,Night,6,8,43.6,1.3,1.3
2026-09-02 11:00,204,2,2026-09-02,Workday,6,8,260.7,0.0,1.0
2026-09-02 16:00,204,2,2026-09-02,Afternoon,6,8,543.3,0.0,0.0
2026-09-02 20:00,204,2,2026-09-02,Evening,6,8,1241.5,0.0,0.0
2026-09-02 03:00,301,3,2026-09-02,Night,4,6,28.3,0.0,0.0
2026-09-02 11:00,301,3,2026-09-02,Workday,4,6,182.3,0.0,0.4
2026-09-02 16:00,301,3,2026-09-02,Afternoon,4,6,346.9,0.0,0.0
2026-09-02 20:00,301,3,2026-09-02,Evening,4,6,926.9,0.0,0.0
2026-09-02 03:00,302,3,2026-09-02,Night,5,7,36.1,0.5,0.5
2026-09-02 11:00,302,3,2026-09-02,Workday,5,7,196.4,0.0,0.5
2026-09-02 16:00,302,3,2026-09-02,Afternoon,5,7,442.3,0.0,0.0
2026-09-02 20:00,302,3,2026-09-02,Evening,5,7,1035.8,0.0,0.0
2026-09-02 03:00,303,3,2026-09-02,Night,2,4,17.2,0.0,0.0
2026-09-02 11:00,303,3,2026-09-02,Workday,2,4,105.0,0.0,0.1
2026-09-02 16:00,303,3,2026-09-02,Afternoon,2,4,224.6,0.0,0.0
2026-09-02 20:00,303,3,2026-09-02,Evening,2,4,546.4,0.0,0.0
2026-09-03 03:00,101,1,2026-09-03,Night,4,6,34.4,0.0,0.0
2026-09-03 11:00,101,1,2026-09-03,Workday,4,6,195.4,0.0,2.5
2026-09-03 16:00,101,1,2026-09-03,Afternoon,4,6,428.7,0.0,0.0
2026-09-03 20:00,101,1,2026-09-03,Evening,4,6,882.3,0.0,0.0
2026-09-03 03:00,102,1,2026-09-03,Night,5,7,40.6,0.1,0.1
2026-09-03 11:00,102,1,2026-09-03,Workday,5,7,225.4,0.0,2.4
2026-09-03 16:00,102,1,2026-09-03,Afternoon,5,7,454.9,0.0,0.0
2026-09-03 20:00,102,1,2026-09-03,Evening,5,7,1133.9,0.0,0.0
2026-09-03 03:00,103,1,2026-09-03,Night,3,5,22.0,0.4,0.4
2026-09-03 11:00,103,1,2026-09-03,Workday,3,5,140.2,0.0,1.4
2026-09-03 16:00,103,1,2026-09-03,Afternoon,3,5,317.5,0.0,0.0
2026-09-03 20:00,103,1,2026-09-03,Evening,3,5,653.9,0.0,0.0
2026-09-03 03:00,104,1,2026-09-03,Night,6,8,57.5,1.1,1.1
2026-09-03 11:00,104,1,2026-09-03,Workday,6,8,300.2,0.0,40.3
2026-09-03 16:00,104,1,2026-09-03,Afternoon,6,8,686.3,0.0,0.0
2026-09-03 20:00,104,1,2026-09-03,Evening,6,8,1668.2,0.0,0.0
2026-09-03 03:00,201,2,2026-09-03,Night,4,6,32.5,0.9,0.9
2026-09-03 11:00,201,2,2026-09-03,Workday,4,6,161.7,0.0,0.4
2026-09-03 16:00,201,2,2026-09-03,Afternoon,4,6,411.4,0.0,0.0
2026-09-03 20:00,201,2,2026-09-03,Evening,4,6,895.4,0.0,0.0
2026-09-03 03:00,202,2,2026-09-03,Night,5,7,38.0,0.4,0.4
2026-09-03 11:00,202,2,2026-09-03,Workday,5,7,239.2,0.0,0.9
2026-09-03 16:00,202,2,2026-09-03,Afternoon,5,7,426.7,0.0,0.0
2026-09-03 20:00,202,2,2026-09-03,Evening,5,7,1262.1,0.0,0.0
2026-09-03 03:00,203,2,2026-09-03,Night,3,5,23.3,1.3,1.3
2026-09-03 11:00,203,2,2026-09-03,Workday,3,5,135.6,0.0,21.5
2026-09-03 16:00,203,2,2026-09-03,Afternoon,3,5,308.9,0.0,0.0
2026-09-03 20:00,203,2,2026-09-03,Evening,3,5,613.7,0.0,0.0
2026-09-03 03:00,204,2,2026-09-03,Night,6,8,39.2,1.2,1.2
2026-09-03 11:00,204,2,2026-09-03,Workday,6,8,244.5,0.0,2.1
2026-09-03 16:00,204,2,2026-09-03,Afternoon,6,8,506.5,0.0,0.0
2026-09-03 20:00,204,2,2026-09-03,Evening,6,8,1188.3,0.0,0.0
2026-09-03 03:00,301,3,2026-09-03,Night,4,6,28.3,1.1,1.1
2026-09-03 11:00,301,3,2026-09-03,Workday,4,6,169.7,0.0,1.9
2026-09-03 16:00,301,3,2026-09-03,Afternoon,4,6,361.6,0.0,0.0
2026-09-03 20:00,301,3,2026-09-03,Evening,4,6,833.5,0.0,0.0
2026-09-03 03:00,302,3,2026-09-03,Night,5,7,35.6,1.1,1.1
2026-09-03 11:00,302,3,2026-09-03,Workday,5,7,218.6,0.0,2.9
2026-09-03 16:00,302,3,2026-09-03,Afternoon,5,7,462.5,0.0,0.0
2026-09-03 20:00,302,3,2026-09-03,Evening,5,7,1066.7,0.0,0.0
2026-09-03 03:00,303,3,2026-09-03,Night,2,4,17.4,1.1,1.1
2026-09-03 11:00,303,3,2026-09-03,Workday,2,4,99.4,0.0,1.5
2026-09-03 16:00,303,3,2026-09-03,Afternoon,2,4,235.2,0.0,0.0
2026-09-03 20:00,303,3,2026-09-03,Evening,2,4,516.4,0.0,0.0
2026-09-04 03:00,101,1,2026-09-04,Night,4,6,42.1,0.8,0.8
2026-09-04 11:00,101,1,2026-09-04,Workday,4,6,244.3,0.0,2.4
2026-09-04 16:00,101,1,2026-09-04,Afternoon,4,6,552.5,0.0,0.0
2026-09-04 20:00,101,1,2026-09-04,Evening,4,6,1168.1,0.0,0.0
2026-09-04 03:00,102,1,2026-09-04,Night,5,7,48.5,0.7,0.7
2026-09-04 11:00,102,1,2026-09-04,Workday,5,7,253.6,0.0,2.5
2026-09-04 16:00,102,1,2026-09-04,Afternoon,5,7,620.9,0.0,0.0
2026-09-04 20:00,102,1,2026-09-04,Evening,5,7,1494.4,0.0,0.0
2026-09-04 03:00,103,1,2026-09-04,Night,3,5,33.5,0.5,0.5
2026-09-04 11:00,103,1,2026-09-04,Workday,3,5,185.2,0.0,0.4
2026-09-04 16:00,103,1,2026-09-04,Afternoon,3,5,399.9,0.0,0.0
2026-09-04 20:00,103,1,2026-09-04,Evening,3,5,919.2,0.0,0.0
2026-09-04 03:00,104,1,2026-09-04,Night,6,8,55.7,0.8,0.8
2026-09-04 11:00,104,1,2026-09-04,Workday,6,8,344.5,0.0,31.3
2026-09-04 16:00,104,1,2026-09-04,Afternoon,6,8,663.1,0.0,0.0
2026-09-04 20:00,104,1,2026-09-04,Evening,6,8,1625.5,0.0,0.0
2026-09-04 03:00,201,2,2026-09-04,Night,4,6,44.5,1.2,1.2
2026-09-04 11:00,201,2,2026-09-04,Workday,4,6,222.0,0.0,1.8
2026-09-04 16:00,201,2,2026-09-04,Afternoon,4,6,585.2,0.0,0.0
2026-09-04 20:00,201,2,2026-09-04,Evening,4,6,1246.4,0.0,0.0
2026-09-04 03:00,202,2,2026-09-04,Night,5,7,48.6,0.5,0.5
2026-09-04 11:00,202,2,2026-09-04,Workday,5,7,297.3,0.0,1.5
2026-09-04 16:00,202,2,2026-09-04,Afternoon,5,7,672.2,0.0,0.0
2026-09-04 20:00,202,2,2026-09-04,Evening,5,7,1474.6,0.0,0.0
2026-09-04 03:00,203,2,2026-09-04,Night,3,5,24.2,1.3,1.3
2026-09-04 11:00,203,2,2026-09-04,Workday,3,5,135.6,0.0,31.6
2026-09-04 16:00,203,2,2026-09-04,Afternoon,3,5,262.0,0.0,0.0
2026-09-04 20:00,203,2,2026-09-04,Evening,3,5,739.8,0.0,0.0
2026-09-04 03:00,204,2,2026-09-04,Night,6,8,48.5,0.0,0.0
2026-09-04 11:00,204,2,2026-09-04,Workday,6,8,328.7,0.0,2.1
2026-09-04 16:00,204,2,2026-09-04,Afternoon,6,8,718.1,0.0,0.0
2026-09-04 20:00,204,2,2026-09-04,Evening,6,8,1713.2,0.0,0.0
2026-09-04 03:00,301,3,2026-09-04,Night,4,6,35.8,1.2,1.2
2026-09-04 11:00,301,3,2026-09-04,Workday,4,6,240.5,0.0,1.5
2026-09-04 16:00,301,3,2026-09-04,Afternoon,4,6,545.1,0.0,0.0
2026-09-04 20:00,301,3,2026-09-04,Evening,4,6,1101.5,0.0,0.0
2026-09-04 03:00,302,3,2026-09-04,Night,5,7,50.8,1.7,1.7
2026-09-04 11:00,302,3,2026-09-04,Workday,5,7,287.5,0.0,2.8
2026-09-04 16:00,302,3,2026-09-04,Afternoon,5,7,600.0,0.0,0.0
2026-09-04 20:00,302,3,2026-09-04,Evening,5,7,1465.0,0.0,0.0
2026-09-04 03:00,303,3,2026-09-04,Night,2,4,21.9,0.9,0.9
2026-09-04 11:00,303,3,2026-09-04,Workday,2,4,153.0,0.0,1.4
2026-09-04 16:00,303,3,2026-09-04,Afternoon,2,4,312.7,0.0,0.0
2026-09-04 20:00,303,3,2026-09-04,Evening,2,4,785.1,0.0,0.0
2026-09-05 03:00,101,1,2026-09-05,Night,4,6,35.2,0.5,0.5
2026-09-05 11:00,101,1,2026-09-05,Workday,4,6,215.7,0.0,2.6
2026-09-05 16:00,101,1,2026-09-05,Afternoon,4,6,512.8,0.0,0.0
2026-09-05 20:00,101,1,2026-09-05,Evening,4,6,1101.6,0.0,0.0
2026-09-05 03:00,102,1,2026-09-05,Night,5,7,55.7,0.5,0.5
2026-09-05 11:00,102,1,2026-09-05,Workday,5,7,272.3,0.0,1.7
2026-09-05 16:00,102,1,2026-09-05,Afternoon,5,7,641.9,0.0,0.0
2026-09-05 20:00,102,1,2026-09-05,Evening,5,7,1445.6,0.0,0.0
2026-09-05 03:00,103,1,2026-09-05,Night,3,5,29.2,1.1,1.1
2026-09-05 11:00,103,1,2026-09-05,Workday,3,5,187.6,0.0,0.2
2026-09-05 16:00,103,1,2026-09-05,Afternoon,3,5,436.5,0.0,0.0
2026-09-05 20:00,103,1,2026-09-05,Evening,3,5,984.9,0.0,0.0
2026-09-05 03:00,104,1,2026-09-05,Night,6,8,49.2,0.9,0.9
2026-09-05 11:00,104,1,2026-09-05,Workday,6,8,287.5,0.0,24.2
2026-09-05 16:00,104,1,2026-09-05,Afternoon,6,8,662.2,0.0,0.0
2026-09-05 20:00,104,1,2026-09-05,Evening,6,8,1369.8,0.0,0.0
2026-09-05 03:00,201,2,2026-09-05,Night,4,6,37.5,0.8,0.8
2026-09-05 11:00,201,2,2026-09-05,Workday,4,6,244.3,0.0,2.9
2026-09-05 16:00,201,2,2026-09-05,Afternoon,4,6,499.6,0.0,0.0
2026-09-05 20:00,201,2,2026-09-05,Evening,4,6,1127.1,0.0,0.0
2026-09-05 03:00,202,2,2026-09-05,Night,5,7,44.3,0.5,0.5
2026-09-05 11:00,202,2,2026-09-05,Workday,5,7,292.2,0.0,2.1
2026-09-05 16:00,202,2,2026-09-05,Afternoon,5,7,679.0,0.0,0.0
2026-09-05 20:00,202,2,2026-09-05,Evening,5,7,1362.0,0.0,0.0
2026-09-05 03:00,203,2,2026-09-05,Night,3,5,37.5,0.7,0.7
2026-09-05 11:00,203,2,2026-09-05,Workday,3,5,173.7,0.0,34.3
2026-09-05 16:00,203,2,2026-09-05,Afternoon,3,5,438.1,0.0,0.0
2026-09-05 20:00,203,2,2026-09-05,Evening,3,5,867.8,0.0,0.0
2026-09-05 03:00,204,2,2026-09-05,Night,6,8,56.2,0.4,0.4
2026-09-05 11:00,204,2,2026-09-05,Workday,6,8,353.9,0.0,2.3
2026-09-05 16:00,204,2,2026-09-05,Afternoon,6,8,717.4,0.0,0.0
2026-09-05 20:00,204,2,2026-09-05,Evening,6,8,1728.9,0.0,0.0
2026-09-05 03:00,301,3,2026-09-05,Night,4,6,37.7,0.8,0.8
2026-09-05 11:00,301,3,2026-09-05,Workday,4,6,244.9,0.0,1.0
2026-09-05 16:00,301,3,2026-09-05,Afternoon,4,6,446.1,0.0,0.0
2026-09-05 20:00,301,3,2026-09-05,Evening,4,6,1228.9,0.0,0.0
2026-09-05 03:00,302,3,2026-09-05,Night,5,7,46.2,1.7,1.7
2026-09-05 11:00,302,3,2026-09-05,Workday,5,7,275.0,0.0,0.5
2026-09-05 16:00,302,3,2026-09-05,Afternoon,5,7,544.2,0.0,0.0
2026-09-05 20:00,302,3,2026-09-05,Evening,5,7,1473.2,0.0,0.0
2026-09-05 03:00,303,3,2026-09-05,Night,2,4,18.6,1.3,1.3
2026-09-05 11:00,303,3,2026-09-05,Workday,2,4,107.6,0.0,1.3
2026-09-05 16:00,303,3,2026-09-05,Afternoon,2,4,220.6,0.0,0.0
2026-09-05 20:00,303,3,2026-09-05,Evening,2,4,439.9,0.0,0.0
2026-09-06 03:00,101,1,2026-09-06,Night,4,6,28.3,0.7,0.7
2026-09-06 11:00,101,1,2026-09-06,Workday,4,6,174.6,0.0,1.4
2026-09-06 16:00,101,1,2026-09-06,Afternoon,4,6,372.8,0.0,0.0
2026-09-06 20:00,101,1,2026-09-06,Evening,4,6,892.5,0.0,0.0
2026-09-06 03:00,102,1,2026-09-06,Night,5,7,284.3,250.0,250.0
2026-09-06 11:00,102,1,2026-09-06,Workday,5,7,189.1,0.0,2.3
2026-09-06 16:00,102,1,2026-09-06,Afternoon,5,7,454.5,0.0,0.0
2026-09-06 20:00,102,1,2026-09-06,Evening,5,7,1077.3,0.0,0.0
2026-09-06 03:00,103,1,2026-09-06,Night,3,5,26.9,0.8,0.8
2026-09-06 11:00,103,1,2026-09-06,Workday,3,5,158.9,0.0,0.4
2026-09-06 16:00,103,1,2026-09-06,Afternoon,3,5,337.4,0.0,0.0
2026-09-06 20:00,103,1,2026-09-06,Evening,3,5,765.2,0.0,0.0
2026-09-06 03:00,104,1,2026-09-06,Night,6,8,42.8,0.4,0.4
2026-09-06 11:00,104,1,2026-09-06,Workday,6,8,247.5,0.0,31.6
2026-09-06 16:00,104,1,2026-09-06,Afternoon,6,8,545.8,0.0,0.0
2026-09-06 20:00,104,1,2026-09-06,Evening,6,8,1282.2,0.0,0.0
2026-09-06 03:00,201,2,2026-09-06,Night,4,6,26.5,0.7,0.7
2026-09-06 11:00,201,2,2026-09-06,Workday,4,6,183.7,0.0,1.2
2026-09-06 16:00,201,2,2026-09-06,Afternoon,4,6,364.7,0.0,0.0
2026-09-06 20:00,201,2,2026-09-06,Evening,4,6,899.5,0.0,0.0
2026-09-06 03:00,202,2,2026-09-06,Night,5,7,31.2,0.1,0.1
2026-09-06 11:00,202,2,2026-09-06,Workday,5,7,198.6,0.0,0.9
2026-09-06 16:00,202,2,2026-09-06,Afternoon,5,7,394.5,0.0,0.0
2026-09-06 20:00,202,2,2026-09-06,Evening,5,7,954.9,0.0,0.0
2026-09-06 03:00,203,2,2026-09-06,Night,3,5,29.1,0.5,0.5
2026-09-06 11:00,203,2,2026-09-06,Workday,3,5,170.9,0.0,29.3
2026-09-06 16:00,203,2,2026-09-06,Afternoon,3,5,399.6,0.0,0.0
2026-09-06 20:00,203,2,2026-09-06,Evening,3,5,868.5,0.0,0.0
2026-09-06 03:00,204,2,2026-09-06,Night,6,8,44.0,0.4,0.4
2026-09-06 11:00,204,2,2026-09-06,Workday,6,8,265.4,0.0,1.8
2026-09-06 16:00,204,2,2026-09-06,Afternoon,6,8,566.5,0.0,0.0
2026-09-06 20:00,204,2,2026-09-06,Evening,6,8,1252.4,0.0,0.0
2026-09-06 03:00,301,3,2026-09-06,Night,4,6,30.9,1.9,1.9
2026-09-06 11:00,301,3,2026-09-06,Workday,4,6,168.5,0.0,1.9
2026-09-06 16:00,301,3,2026-09-06,Afternoon,4,6,375.7,0.0,0.0
2026-09-06 20:00,301,3,2026-09-06,Evening,4,6,928.3,0.0,0.0
2026-09-06 03:00,302,3,2026-09-06,Night,5,7,38.9,0.0,0.0
2026-09-06 11:00,302,3,2026-09-06,Workday,5,7,211.4,0.0,0.7
2026-09-06 16:00,302,3,2026-09-06,Afternoon,5,7,472.1,0.0,0.0
2026-09-06 20:00,302,3,2026-09-06,Evening,5,7,1048.9,0.0,0.0
2026-09-06 03:00,303,3,2026-09-06,Night,2,4,18.3,1.8,1.8
2026-09-06 11:00,303,3,2026-09-06,Workday,2,4,87.7,0.0,1.3
2026-09-06 16:00,303,3,2026-09-06,Afternoon,2,4,233.0,0.0,0.0
2026-09-06 20:00,303,3,2026-09-06,Evening,2,4,528.0,0.0,0.0
2026-09-07 03:00,101,1,2026-09-07,Night,4,6,35.4,0.3,0.3
2026-09-07 11:00,101,1,2026-09-07,Workday,4,6,241.2,0.0,2.4
2026-09-07 16:00,101,1,2026-09-07,Afternoon,4,6,503.8,0.0,0.0
2026-09-07 20:00,101,1,2026-09-07,Evening,4,6,1097.9,0.0,0.0
2026-09-07 03:00,102,1,2026-09-07,Night,5,7,285.6,250.0,250.0
2026-09-07 11:00,102,1,2026-09-07,Workday,5,7,223.8,0.0,1.6
2026-09-07 16:00,102,1,2026-09-07,Afternoon,5,7,452.0,0.0,0.0
2026-09-07 20:00,102,1,2026-09-07,Evening,5,7,1096.0,0.0,0.0
2026-09-07 03:00,103,1,2026-09-07,Night,3,5,31.4,1.4,1.4
2026-09-07 11:00,103,1,2026-09-07,Workday,3,5,166.8,0.0,1.8
2026-09-07 16:00,103,1,2026-09-07,Afternoon,3,5,365.7,0.0,0.0
2026-09-07 20:00,103,1,2026-09-07,Evening,3,5,955.1,0.0,0.0
2026-09-07 03:00,104,1,2026-09-07,Night,6,8,42.7,1.3,1.3
2026-09-07 11:00,104,1,2026-09-07,Workday,6,8,253.2,0.0,29.9
2026-09-07 16:00,104,1,2026-09-07,Afternoon,6,8,544.1,0.0,0.0
2026-09-07 20:00,104,1,2026-09-07,Evening,6,8,1288.9,0.0,0.0
2026-09-07 03:00,201,2,2026-09-07,Night,4,6,38.9,0.5,0.5
2026-09-07 11:00,201,2,2026-09-07,Workday,4,6,242.0,0.0,2.3
2026-09-07 16:00,201,2,2026-09-07,Afternoon,4,6,486.3,0.0,0.0
2026-09-07 20:00,201,2,2026-09-07,Evening,4,6,1057.7,0.0,0.0
2026-09-07 03:00,202,2,2026-09-07,Night,5,7,39.4,0.7,0.7
2026-09-07 11:00,202,2,2026-09-07,Workday,5,7,204.4,0.0,1.7
2026-09-07 16:00,202,2,2026-09-07,Afternoon,5,7,523.8,0.0,0.0
2026-09-07 20:00,202,2,2026-09-07,Evening,5,7,982.7,0.0,0.0
2026-09-07 03:00,203,2,2026-09-07,Night,3,5,23.9,0.4,0.4
2026-09-07 11:00,203,2,2026-09-07,Workday,3,5,150.8,0.0,24.6
2026-09-07 16:00,203,2,2026-09-07,Afternoon,3,5,322.9,0.0,0.0
2026-09-07 20:00,203,2,2026-09-07,Evening,3,5,789.7,0.0,0.0
2026-09-07 03:00,204,2,2026-09-07,Night,6,8,40.0,0.0,0.0
2026-09-07 11:00,204,2,2026-09-07,Workday,6,8,234.1,0.0,0.0
2026-09-07 16:00,204,2,2026-09-07,Afternoon,6,8,602.1,0.0,0.0
2026-09-07 20:00,204,2,2026-09-07,Evening,6,8,1248.8,0.0,0.0
2026-09-07 03:00,301,3,2026-09-07,Night,4,6,26.7,0.3,0.3
2026-09-07 11:00,301,3,2026-09-07,Workday,4,6,169.9,0.0,0.5
2026-09-07 16:00,301,3,2026-09-07,Afternoon,4,6,413.5,0.0,0.0
2026-09-07 20:00,301,3,2026-09-07,Evening,4,6,828.2,0.0,0.0
2026-09-07 03:00,302,3,2026-09-07,Night,5,7,35.7,1.5,1.5
2026-09-07 11:00,302,3,2026-09-07,Workday,5,7,226.8,0.0,1.1
2026-09-07 16:00,302,3,2026-09-07,Afternoon,5,7,462.2,0.0,0.0
2026-09-07 20:00,302,3,2026-09-07,Evening,5,7,1059.8,0.0,0.0
2026-09-07 03:00,303,3,2026-09-07,Night,2,4,18.6,0.3,0.3
2026-09-07 11:00,303,3,2026-09-07,Workday,2,4,101.7,0.0,1.6
2026-09-07 16:00,303,3,2026-09-07,Afternoon,2,4,221.4,0.0,0.0
2026-09-07 20:00,303,3,2026-09-07,Evening,2,4,595.0,0.0,0.0
2026-09-08 03:00,101,1,2026-09-08,Night,4,6,28.2,0.6,0.6
2026-09-08 11:00,101,1,2026-09-08,Workday,4,6,174.8,0.0,1.4
2026-09-08 16:00,101,1,2026-09-08,Afternoon,4,6,412.7,0.0,0.0
2026-09-08 20:00,101,1,2026-09-08,Evening,4,6,823.1,0.0,0.0
2026-09-08 03:00,102,1,2026-09-08,Night,5,7,284.3,250.0,250.0
2026-09-08 11:00,102,1,2026-09-08,Workday,5,7,199.7,0.0,1.6
2026-09-08 16:00,102,1,2026-09-08,Afternoon,5,7,449.1,0.0,0.0
2026-09-08 20:00,102,1,2026-09-08,Evening,5,7,998.4,0.0,0.0
2026-09-08 03:00,103,1,2026-09-08,Night,3,5,23.3,0.8,0.8
2026-09-08 11:00,103,1,2026-09-08,Workday,3,5,140.7,0.0,0.6
2026-09-08 16:00,103,1,2026-09-08,Afternoon,3,5,332.6,0.0,0.0
2026-09-08 20:00,103,1,2026-09-08,Evening,3,5,765.4,0.0,0.0
2026-09-08 03:00,104,1,2026-09-08,Night,6,8,36.5,0.9,0.9
2026-09-08 11:00,104,1,2026-09-08,Workday,6,8,250.0,0.0,29.7
2026-09-08 16:00,104,1,2026-09-08,Afternoon,6,8,503.3,0.0,0.0
2026-09-08 20:00,104,1,2026-09-08,Evening,6,8,1074.8,0.0,0.0
2026-09-08 03:00,201,2,2026-09-08,Night,4,6,33.6,1.2,1.2
2026-09-08 11:00,201,2,2026-09-08,Workday,4,6,203.5,0.0,2.2
2026-09-08 16:00,201,2,2026-09-08,Afternoon,4,6,439.8,0.0,0.0
2026-09-08 20:00,201,2,2026-09-08,Evening,4,6,959.4,0.0,0.0
2026-09-08 03:00,202,2,2026-09-08,Night,5,7,37.1,1.4,1.4
2026-09-08 11:00,202,2,2026-09-08,Workday,5,7,211.8,0.0,1.1
2026-09-08 16:00,202,2,2026-09-08,Afternoon,5,7,499.2,0.0,0.0
2026-09-08 20:00,202,2,2026-09-08,Evening,5,7,1193.2,0.0,0.0
2026-09-08 03:00,203,2,2026-09-08,Night,3,5,23.1,0.7,0.7
2026-09-08 11:00,203,2,2026-09-08,Workday,3,5,140.4,0.0,50.2
2026-09-08 16:00,203,2,2026-09-08,Afternoon,3,5,330.5,0.0,0.0
2026-09-08 20:00,203,2,2026-09-08,Evening,3,5,778.6,0.0,0.0
2026-09-08 03:00,204,2,2026-09-08,Night,6,8,41.0,1.4,1.4
2026-09-08 11:00,204,2,2026-09-08,Workday,6,8,279.9,0.0,2.0
2026-09-08 16:00,204,2,2026-09-08,Afternoon,6,8,551.0,0.0,0.0
2026-09-08 20:00,204,2,2026-09-08,Evening,6,8,1355.9,0.0,0.0
2026-09-08 03:00,301,3,2026-09-08,Night,4,6,31.0,0.4,0.4
2026-09-08 11:00,301,3,2026-09-08,Workday,4,6,167.3,0.0,2.0
2026-09-08 16:00,301,3,2026-09-08,Afternoon,4,6,392.7,0.0,0.0
2026-09-08 20:00,301,3,2026-09-08,Evening,4,6,989.8,0.0,0.0
2026-09-08 03:00,302,3,2026-09-08,Night,5,7,35.7,0.2,0.2
2026-09-08 11:00,302,3,2026-09-08,Workday,5,7,189.9,0.0,0.1
2026-09-08 16:00,302,3,2026-09-08,Afternoon,5,7,476.3,0.0,0.0
2026-09-08 20:00,302,3,2026-09-08,Evening,5,7,993.9,0.0,0.0
2026-09-08 03:00,303,3,2026-09-08,Night,2,4,20.3,0.7,0.7
2026-09-08 11:00,303,3,2026-09-08,Workday,2,4,123.4,0.0,1.7
2026-09-08 16:00,303,3,2026-09-08,Afternoon,2,4,259.6,0.0,0.0
2026-09-08 20:00,303,3,2026-09-08,Evening,2,4,553.7,0.0,0.0
2026-09-09 03:00,101,1,2026-09-09,Night,4,6,29.3,1.1,1.1
2026-09-09 11:00,101,1,2026-09-09,Workday,4,6,180.9,0.0,1.4
2026-09-09 16:00,101,1,2026-09-09,Afternoon,4,6,418.4,0.0,0.0
2026-09-09 20:00,101,1,2026-09-09,Evening,4,6,939.9,0.0,0.0
2026-09-09 03:00,102,1,2026-09-09,Night,5,7,287.5,250.0,250.0
2026-09-09 11:00,102,1,2026-09-09,Workday,5,7,225.8,0.0,0.4
2026-09-09 16:00,102,1,2026-09-09,Afternoon,5,7,482.4,0.0,0.0
2026-09-09 20:00,102,1,2026-09-09,Evening,5,7,1120.6,0.0,0.0
2026-09-09 03:00,103,1,2026-09-09,Night,3,5,23.9,0.1,0.1
2026-09-09 11:00,103,1,2026-09-09,Workday,3,5,152.3,0.0,1.3
2026-09-09 16:00,103,1,2026-09-09,Afternoon,3,5,302.4,0.0,0.0
2026-09-09 20:00,103,1,2026-09-09,Evening,3,5,751.4,0.0,0.0
2026-09-09 03:00,104,1,2026-09-09,Night,6,8,43.3,0.3,0.3
2026-09-09 11:00,104,1,2026-09-09,Workday,6,8,242.2,0.0,23.9
2026-09-09 16:00,104,1,2026-09-09,Afternoon,6,8,536.5,0.0,0.0
2026-09-09 20:00,104,1,2026-09-09,Evening,6,8,1331.3,0.0,0.0
2026-09-09 03:00,201,2,2026-09-09,Night,4,6,31.8,0.3,0.3
2026-09-09 11:00,201,2,2026-09-09,Workday,4,6,171.8,0.0,1.1
2026-09-09 16:00,201,2,2026-09-09,Afternoon,4,6,406.6,0.0,0.0
2026-09-09 20:00,201,2,2026-09-09,Evening,4,6,926.4,0.0,0.0
2026-09-09 03:00,202,2,2026-09-09,Night,5,7,37.3,0.7,0.7
2026-09-09 11:00,202,2,2026-09-09,Workday,5,7,215.6,0.0,2.5
2026-09-09 16:00,202,2,2026-09-09,Afternoon,5,7,451.3,0.0,0.0
2026-09-09 20:00,202,2,2026-09-09,Evening,5,7,1091.3,0.0,0.0
2026-09-09 03:00,203,2,2026-09-09,Night,3,5,25.5,1.2,1.2
2026-09-09 11:00,203,2,2026-09-09,Workday,3,5,146.6,0.0,50.7
2026-09-09 16:00,203,2,2026-09-09,Afternoon,3,5,285.1,0.0,0.0
2026-09-09 20:00,203,2,2026-09-09,Evening,3,5,708.9,0.0,0.0
2026-09-09 03:00,204,2,2026-09-09,Night,6,8,44.4,1.0,1.0
2026-09-09 11:00,204,2,2026-09-09,Workday,6,8,238.9,0.0,0.5
2026-09-09 16:00,204,2,2026-09-09,Afternoon,6,8,537.3,0.0,0.0
2026-09-09 20:00,204,2,2026-09-09,Evening,6,8,1221.8,0.0,0.0
2026-09-09 03:00,301,3,2026-09-09,Night,4,6,26.7,0.2,0.2
2026-09-09 11:00,301,3,2026-09-09,Workday,4,6,177.9,0.0,1.7
2026-09-09 16:00,301,3,2026-09-09,Afternoon,4,6,382.2,0.0,0.0
2026-09-09 20:00,301,3,2026-09-09,Evening,4,6,870.2,0.0,0.0
2026-09-09 03:00,302,3,2026-09-09,Night,5,7,33.9,0.3,0.3
2026-09-09 11:00,302,3,2026-09-09,Workday,5,7,203.1,0.0,1.9
2026-09-09 16:00,302,3,2026-09-09,Afternoon,5,7,421.2,0.0,0.0
2026-09-09 20:00,302,3,2026-09-09,Evening,5,7,951.0,0.0,0.0
2026-09-09 03:00,303,3,2026-09-09,Night,2,4,19.0,0.5,0.5
2026-09-09 11:00,303,3,2026-09-09,Workday,2,4,91.6,0.0,1.5
2026-09-09 16:00,303,3,2026-09-09,Afternoon,2,4,251.3,0.0,0.0
2026-09-09 20:00,303,3,2026-09-09,Evening,2,4,596.4,0.0,0.0
2026-09-10 03:00,101,1,2026-09-10,Night,4,6,28.2,0.6,0.6
2026-09-10 11:00,101,1,2026-09-10,Workday,4,6,184.6,0.0,0.6
2026-09-10 16:00,101,1,2026-09-10,Afternoon,4,6,378.2,0.0,0.0
2026-09-10 20:00,101,1,2026-09-10,Evening,4,6,829.8,0.0,0.0
2026-09-10 03:00,102,1,2026-09-10,Night,5,7,282.9,250.0,250.0
2026-09-10 11:00,102,1,2026-09-10,Workday,5,7,223.0,0.0,1.1
2026-09-10 16:00,102,1,2026-09-10,Afternoon,5,7,466.0,0.0,0.0
2026-09-10 20:00,102,1,2026-09-10,Evening,5,7,1124.5,0.0,0.0
2026-09-10 03:00,103,1,2026-09-10,Night,3,5,22.4,1.3,1.3
2026-09-10 11:00,103,1,2026-09-10,Workday,3,5,154.8,0.0,1.3
2026-09-10 16:00,103,1,2026-09-10,Afternoon,3,5,351.8,0.0,0.0
2026-09-10 20:00,103,1,2026-09-10,Evening,3,5,757.3,0.0,0.0
2026-09-10 03:00,104,1,2026-09-10,Night,6,8,55.0,0.4,0.4
2026-09-10 11:00,104,1,2026-09-10,Workday,6,8,367.6,0.0,52.3
2026-09-10 16:00,104,1,2026-09-10,Afternoon,6,8,770.1,0.0,0.0
2026-09-10 20:00,104,1,2026-09-10,Evening,6,8,1803.7,0.0,0.0
2026-09-10 03:00,201,2,2026-09-10,Night,4,6,27.2,0.7,0.7
2026-09-10 11:00,201,2,2026-09-10,Workday,4,6,192.9,0.0,0.0
2026-09-10 16:00,201,2,2026-09-10,Afternoon,4,6,372.1,0.0,0.0
2026-09-10 20:00,201,2,2026-09-10,Evening,4,6,783.4,0.0,0.0
2026-09-10 03:00,202,2,2026-09-10,Night,5,7,38.0,0.2,0.2
2026-09-10 11:00,202,2,2026-09-10,Workday,5,7,211.5,0.0,2.6
2026-09-10 16:00,202,2,2026-09-10,Afternoon,5,7,467.3,0.0,0.0
2026-09-10 20:00,202,2,2026-09-10,Evening,5,7,1003.5,0.0,0.0
2026-09-10 03:00,203,2,2026-09-10,Night,3,5,20.1,1.2,1.2
2026-09-10 11:00,203,2,2026-09-10,Workday,3,5,131.2,0.0,43.4
2026-09-10 16:00,203,2,2026-09-10,Afternoon,3,5,313.1,0.0,0.0
2026-09-10 20:00,203,2,2026-09-10,Evening,3,5,659.6,0.0,0.0
2026-09-10 03:00,204,2,2026-09-10,Night,6,8,43.1,0.9,0.9
2026-09-10 11:00,204,2,2026-09-10,Workday,6,8,251.3,0.0,0.2
2026-09-10 16:00,204,2,2026-09-10,Afternoon,6,8,564.8,0.0,0.0
2026-09-10 20:00,204,2,2026-09-10,Evening,6,8,1171.8,0.0,0.0
2026-09-10 03:00,301,3,2026-09-10,Night,4,6,26.6,1.0,1.0
2026-09-10 11:00,301,3,2026-09-10,Workday,4,6,186.6,0.0,1.2
2026-09-10 16:00,301,3,2026-09-10,Afternoon,4,6,330.4,0.0,0.0
2026-09-10 20:00,301,3,2026-09-10,Evening,4,6,934.1,0.0,0.0
2026-09-10 03:00,302,3,2026-09-10,Night,5,7,35.6,0.3,0.3
2026-09-10 11:00,302,3,2026-09-10,Workday,5,7,204.1,0.0,2.7
2026-09-10 16:00,302,3,2026-09-10,Afternoon,5,7,463.0,0.0,0.0
2026-09-10 20:00,302,3,2026-09-10,Evening,5,7,1051.0,0.0,0.0
2026-09-10 03:00,303,3,2026-09-10,Night,2,4,19.3,0.5,0.5
2026-09-10 11:00,303,3,2026-09-10,Workday,2,4,110.1,0.0,1.7
2026-09-10 16:00,303,3,2026-09-10,Afternoon,2,4,233.1,0.0,0.0
2026-09-10 20:00,303,3,2026-09-10,Evening,2,4,502.4,0.0,0.0
2026-09-11 03:00,101,1,2026-09-11,Night,4,6,45.4,0.8,0.8
2026-09-11 11:00,101,1,2026-09-11,Workday,4,6,234.9,0.0,0.5
2026-09-11 16:00,101,1,2026-09-11,Afternoon,4,6,544.8,0.0,0.0
2026-09-11 20:00,101,1,2026-09-11,Evening,4,6,1222.7,0.0,0.0
2026-09-11 03:00,102,1,2026-09-11,Night,5,7,298.5,250.0,250.0
2026-09-11 11:00,102,1,2026-09-11,Workday,5,7,264.8,0.0,2.1
2026-09-11 16:00,102,1,2026-09-11,Afternoon,5,7,638.3,0.0,0.0
2026-09-11 20:00,102,1,2026-09-11,Evening,5,7,1446.2,0.0,0.0
2026-09-11 03:00,103,1,2026-09-11,Night,3,5,34.5,0.8,0.8
2026-09-11 11:00,103,1,2026-09-11,Workday,3,5,186.0,0.0,2.4
2026-09-11 16:00,103,1,2026-09-11,Afternoon,3,5,413.6,0.0,0.0
2026-09-11 20:00,103,1,2026-09-11,Evening,3,5,937.2,0.0,0.0
2026-09-11 03:00,104,1,2026-09-11,Night,6,8,51.6,0.3,0.3
2026-09-11 11:00,104,1,2026-09-11,Workday,6,8,300.0,0.0,38.6
2026-09-11 16:00,104,1,2026-09-11,Afternoon,6,8,672.3,0.0,0.0
2026-09-11 20:00,104,1,2026-09-11,Evening,6,8,1642.9,0.0,0.0
2026-09-11 03:00,201,2,2026-09-11,Night,4,6,39.9,0.6,0.6
2026-09-11 11:00,201,2,2026-09-11,Workday,4,6,238.1,0.0,2.0
2026-09-11 16:00,201,2,2026-09-11,Afternoon,4,6,532.8,0.0,0.0
2026-09-11 20:00,201,2,2026-09-11,Evening,4,6,1197.7,0.0,0.0
2026-09-11 03:00,202,2,2026-09-11,Night,5,7,50.3,0.6,0.6
2026-09-11 11:00,202,2,2026-09-11,Workday,5,7,273.0,0.0,1.8
2026-09-11 16:00,202,2,2026-09-11,Afternoon,5,7,659.8,0.0,0.0
2026-09-11 20:00,202,2,2026-09-11,Evening,5,7,1505.7,0.0,0.0
2026-09-11 03:00,203,2,2026-09-11,Night,3,5,22.5,0.7,0.7
2026-09-11 11:00,203,2,2026-09-11,Workday,3,5,143.8,0.0,34.0
2026-09-11 16:00,203,2,2026-09-11,Afternoon,3,5,304.6,0.0,0.0
2026-09-11 20:00,203,2,2026-09-11,Evening,3,5,689.1,0.0,0.0
2026-09-11 03:00,204,2,2026-09-11,Night,6,8,58.2,0.4,0.4
2026-09-11 11:00,204,2,2026-09-11,Workday,6,8,359.9,0.0,2.1
2026-09-11 16:00,204,2,2026-09-11,Afternoon,6,8,782.3,0.0,0.0
2026-09-11 20:00,204,2,2026-09-11,Evening,6,8,1707.7,0.0,0.0
2026-09-11 03:00,301,3,2026-09-11,Night,4,6,37.4,1.2,1.2
2026-09-11 11:00,301,3,2026-09-11,Workday,4,6,210.4,0.0,1.2
2026-09-11 16:00,301,3,2026-09-11,Afternoon,4,6,512.3,0.0,0.0
2026-09-11 20:00,301,3,2026-09-11,Evening,4,6,1268.7,0.0,0.0
2026-09-11 03:00,302,3,2026-09-11,Night,5,7,45.8,0.1,0.1
2026-09-11 11:00,302,3,2026-09-11,Workday,5,7,278.8,0.0,1.6
2026-09-11 16:00,302,3,2026-09-11,Afternoon,5,7,633.9,0.0,0.0
2026-09-11 20:00,302,3,2026-09-11,Evening,5,7,1440.7,0.0,0.0
2026-09-11 03:00,303,3,2026-09-11,Night,2,4,23.4,1.3,1.3
2026-09-11 11:00,303,3,2026-09-11,Workday,2,4,132.9,0.0,1.5
2026-09-11 16:00,303,3,2026-09-11,Afternoon,2,4,338.3,0.0,0.0
2026-09-11 20:00,303,3,2026-09-11,Evening,2,4,735.2,0.0,0.0
2026-09-12 03:00,101,1,2026-09-12,Night,4,6,41.4,0.4,0.4
2026-09-12 11:00,101,1,2026-09-12,Workday,4,6,239.2,0.0,2.7
2026-09-12 16:00,101,1,2026-09-12,Afternoon,4,6,577.0,0.0,0.0
2026-09-12 20:00,101,1,2026-09-12,Evening,4,6,1073.0,0.0,0.0
2026-09-12 03:00,102,1,2026-09-12,Night,5,7,305.6,250.0,250.0
2026-09-12 11:00,102,1,2026-09-12,Workday,5,7,289.0,0.0,1.7
2026-09-12 16:00,102,1,2026-09-12,Afternoon,5,7,705.8,0.0,0.0
2026-09-12 20:00,102,1,2026-09-12,Evening,5,7,1449.6,0.0,0.0
2026-09-12 03:00,103,1,2026-09-12,Night,3,5,32.8,0.0,0.0
2026-09-12 11:00,103,1,2026-09-12,Workday,3,5,201.6,0.0,1.4
2026-09-12 16:00,103,1,2026-09-12,Afternoon,3,5,451.7,0.0,0.0
2026-09-12 20:00,103,1,2026-09-12,Evening,3,5,1111.4,0.0,0.0
2026-09-12 03:00,104,1,2026-09-12,Night,6,8,42.1,1.0,1.0
2026-09-12 11:00,104,1,2026-09-12,Workday,6,8,261.2,0.0,43.2
2026-09-12 16:00,104,1,2026-09-12,Afternoon,6,8,510.8,0.0,0.0
2026-09-12 20:00,104,1,2026-09-12,Evening,6,8,1199.9,0.0,0.0
2026-09-12 03:00,201,2,2026-09-12,Night,4,6,39.0,0.8,0.8
2026-09-12 11:00,201,2,2026-09-12,Workday,4,6,216.9,0.0,0.9
2026-09-12 16:00,201,2,2026-09-12,Afternoon,4,6,472.0,0.0,0.0
2026-09-12 20:00,201,2,2026-09-12,Evening,4,6,1065.2,0.0,0.0
2026-09-12 03:00,202,2,2026-09-12,Night,5,7,46.6,1.5,1.5
2026-09-12 11:00,202,2,2026-09-12,Workday,5,7,293.9,0.0,0.8
2026-09-12 16:00,202,2,2026-09-12,Afternoon,5,7,602.8,0.0,0.0
2026-09-12 20:00,202,2,2026-09-12,Evening,5,7,1545.3,0.0,0.0
2026-09-12 03:00,203,2,2026-09-12,Night,3,5,31.8,1.2,1.2
2026-09-12 11:00,203,2,2026-09-12,Workday,3,5,205.1,0.0,25.3
2026-09-12 16:00,203,2,2026-09-12,Afternoon,3,5,387.5,0.0,0.0
2026-09-12 20:00,203,2,2026-09-12,Evening,3,5,838.4,0.0,0.0
2026-09-12 03:00,204,2,2026-09-12,Night,6,8,56.4,0.5,0.5
2026-09-12 11:00,204,2,2026-09-12,Workday,6,8,330.3,0.0,2.1
2026-09-12 16:00,204,2,2026-09-12,Afternoon,6,8,743.5,0.0,0.0
2026-09-12 20:00,204,2,2026-09-12,Evening,6,8,1675.4,0.0,0.0
2026-09-12 03:00,301,3,2026-09-12,Night,4,6,39.6,0.2,0.2
2026-09-12 11:00,301,3,2026-09-12,Workday,4,6,293.2,0.0,1.2
2026-09-12 16:00,301,3,2026-09-12,Afternoon,4,6,531.7,0.0,0.0
2026-09-12 20:00,301,3,2026-09-12,Evening,4,6,1213.0,0.0,0.0
2026-09-12 03:00,302,3,2026-09-12,Night,5,7,50.6,1.2,1.2
2026-09-12 11:00,302,3,2026-09-12,Workday,5,7,299.7,0.0,1.3
2026-09-12 16:00,302,3,2026-09-12,Afternoon,5,7,572.6,0.0,0.0
2026-09-12 20:00,302,3,2026-09-12,Evening,5,7,1475.6,0.0,0.0
2026-09-12 03:00,303,3,2026-09-12,Night,2,4,20.2,0.7,0.7
2026-09-12 11:00,303,3,2026-09-12,Workday,2,4,119.2,0.0,1.2
2026-09-12 16:00,303,3,2026-09-12,Afternoon,2,4,245.6,0.0,0.0
2026-09-12 20:00,303,3,2026-09-12,Evening,2,4,526.6,0.0,0.0
2026-09-13 03:00,101,1,2026-09-13,Night,4,6,38.9,0.7,0.7
2026-09-13 11:00,101,1,2026-09-13,Workday,4,6,242.1,0.0,3.0
2026-09-13 16:00,101,1,2026-09-13,Afternoon,4,6,541.2,0.0,0.0
2026-09-13 20:00,101,1,2026-09-13,Evening,4,6,1135.9,0.0,0.0
2026-09-13 03:00,102,1,2026-09-13,Night,5,7,283.7,250.0,250.0
2026-09-13 11:00,102,1,2026-09-13,Workday,5,7,198.1,0.0,1.5
2026-09-13 16:00,102,1,2026-09-13,Afternoon,5,7,467.5,0.0,0.0
2026-09-13 20:00,102,1,2026-09-13,Evening,5,7,1063.9,0.0,0.0
2026-09-13 03:00,103,1,2026-09-13,Night,3,5,31.7,0.7,0.7
2026-09-13 11:00,103,1,2026-09-13,Workday,3,5,180.1,0.0,2.9
2026-09-13 16:00,103,1,2026-09-13,Afternoon,3,5,434.0,0.0,0.0
2026-09-13 20:00,103,1,2026-09-13,Evening,3,5,891.0,0.0,0.0
2026-09-13 03:00,104,1,2026-09-13,Night,6,8,39.2,0.8,0.8
2026-09-13 11:00,104,1,2026-09-13,Workday,6,8,262.4,0.0,43.1
2026-09-13 16:00,104,1,2026-09-13,Afternoon,6,8,562.6,0.0,0.0
2026-09-13 20:00,104,1,2026-09-13,Evening,6,8,1299.7,0.0,0.0
2026-09-13 03:00,201,2,2026-09-13,Night,4,6,42.3,1.0,1.0
2026-09-13 11:00,201,2,2026-09-13,Workday,4,6,241.3,0.0,0.1
2026-09-13 16:00,201,2,2026-09-13,Afternoon,4,6,522.5,0.0,0.0
2026-09-13 20:00,201,2,2026-09-13,Evening,4,6,1346.7,0.0,0.0
2026-09-13 03:00,202,2,2026-09-13,Night,5,7,34.0,1.3,1.3
2026-09-13 11:00,202,2,2026-09-13,Workday,5,7,212.9,0.0,1.1
2026-09-13 16:00,202,2,2026-09-13,Afternoon,5,7,502.1,0.0,0.0
2026-09-13 20:00,202,2,2026-09-13,Evening,5,7,1099.3,0.0,0.0
2026-09-13 03:00,203,2,2026-09-13,Night,3,5,30.5,1.0,1.0
2026-09-13 11:00,203,2,2026-09-13,Workday,3,5,193.5,0.0,41.2
2026-09-13 16:00,203,2,2026-09-13,Afternoon,3,5,438.2,0.0,0.0
2026-09-13 20:00,203,2,2026-09-13,Evening,3,5,1010.0,0.0,0.0
2026-09-13 03:00,204,2,2026-09-13,Night,6,8,44.0,0.2,0.2
2026-09-13 11:00,204,2,2026-09-13,Workday,6,8,263.3,0.0,2.0
2026-09-13 16:00,204,2,2026-09-13,Afternoon,6,8,536.4,0.0,0.0
2026-09-13 20:00,204,2,2026-09-13,Evening,6,8,1208.7,0.0,0.0
2026-09-13 03:00,301,3,2026-09-13,Night,4,6,27.8,1.0,1.0
2026-09-13 11:00,301,3,2026-09-13,Workday,4,6,182.8,0.0,0.7
2026-09-13 16:00,301,3,2026-09-13,Afternoon,4,6,390.3,0.0,0.0
2026-09-13 20:00,301,3,2026-09-13,Evening,4,6,955.7,0.0,0.0
2026-09-13 03:00,302,3,2026-09-13,Night,5,7,39.6,0.7,0.7
2026-09-13 11:00,302,3,2026-09-13,Workday,5,7,219.5,0.0,1.2
2026-09-13 16:00,302,3,2026-09-13,Afternoon,5,7,502.7,0.0,0.0
2026-09-13 20:00,302,3,2026-09-13,Evening,5,7,1278.2,0.0,0.0
2026-09-13 03:00,303,3,2026-09-13,Night,2,4,20.7,1.5,1.5
2026-09-13 11:00,303,3,2026-09-13,Workday,2,4,102.3,0.0,1.3
2026-09-13 16:00,303,3,2026-09-13,Afternoon,2,4,239.1,0.0,0.0
2026-09-13 20:00,303,3,2026-09-13,Evening,2,4,609.0,0.0,0.0
2026-09-14 03:00,101,1,2026-09-14,Night,4,6,30.5,0.8,0.8
2026-09-14 11:00,101,1,2026-09-14,Workday,4,6,197.0,0.0,1.1
2026-09-14 16:00,101,1,2026-09-14,Afternoon,4,6,397.5,0.0,0.0
2026-09-14 20:00,101,1,2026-09-14,Evening,4,6,914.4,0.0,0.0
2026-09-14 03:00,102,1,2026-09-14,Night,5,7,285.1,250.0,250.0
2026-09-14 11:00,102,1,2026-09-14,Workday,5,7,237.9,0.0,1.6
2026-09-14 16:00,102,1,2026-09-14,Afternoon,5,7,504.3,0.0,0.0
2026-09-14 20:00,102,1,2026-09-14,Evening,5,7,1216.7,0.0,0.0
2026-09-14 03:00,103,1,2026-09-14,Night,3,5,22.3,1.0,1.0
2026-09-14 11:00,103,1,2026-09-14,Workday,3,5,131.9,0.0,0.9
2026-09-14 16:00,103,1,2026-09-14,Afternoon,3,5,302.6,0.0,0.0
2026-09-14 20:00,103,1,2026-09-14,Evening,3,5,709.8,0.0,0.0
2026-09-14 03:00,104,1,2026-09-14,Night,6,8,39.3,1.1,1.1
2026-09-14 11:00,104,1,2026-09-14,Workday,6,8,260.5,0.0,19.3
2026-09-14 16:00,104,1,2026-09-14,Afternoon,6,8,563.1,0.0,0.0
2026-09-14 20:00,104,1,2026-09-14,Evening,6,8,1268.8,0.0,0.0
2026-09-14 03:00,201,2,2026-09-14,Night,4,6,26.3,1.0,1.0
2026-09-14 11:00,201,2,2026-09-14,Workday,4,6,168.8,0.0,1.6
2026-09-14 16:00,201,2,2026-09-14,Afternoon,4,6,394.5,0.0,0.0
2026-09-14 20:00,201,2,2026-09-14,Evening,4,6,846.6,0.0,0.0
2026-09-14 03:00,202,2,2026-09-14,Night,5,7,37.2,1.2,1.2
2026-09-14 11:00,202,2,2026-09-14,Workday,5,7,240.1,0.0,2.9
2026-09-14 16:00,202,2,2026-09-14,Afternoon,5,7,477.4,0.0,0.0
2026-09-14 20:00,202,2,2026-09-14,Evening,5,7,1070.8,0.0,0.0
2026-09-14 03:00,203,2,2026-09-14,Night,3,5,27.0,1.0,1.0
2026-09-14 11:00,203,2,2026-09-14,Workday,3,5,145.7,0.0,41.2
2026-09-14 16:00,203,2,2026-09-14,Afternoon,3,5,322.1,0.0,0.0
2026-09-14 20:00,203,2,2026-09-14,Evening,3,5,758.3,0.0,0.0
2026-09-14 03:00,204,2,2026-09-14,Night,6,8,38.8,0.8,0.8
2026-09-14 11:00,204,2,2026-09-14,Workday,6,8,218.8,0.0,0.8
2026-09-14 16:00,204,2,2026-09-14,Afternoon,6,8,518.2,0.0,0.0
2026-09-14 20:00,204,2,2026-09-14,Evening,6,8,1110.9,0.0,0.0
2026-09-14 03:00,301,3,2026-09-14,Night,4,6,27.3,0.1,0.1
2026-09-14 11:00,301,3,2026-09-14,Workday,4,6,178.5,0.0,0.7
2026-09-14 16:00,301,3,2026-09-14,Afternoon,4,6,390.1,0.0,0.0
2026-09-14 20:00,301,3,2026-09-14,Evening,4,6,908.3,0.0,0.0
2026-09-14 03:00,302,3,2026-09-14,Night,5,7,34.6,0.6,0.6
2026-09-14 11:00,302,3,2026-09-14,Workday,5,7,192.9,0.0,1.2
2026-09-14 16:00,302,3,2026-09-14,Afternoon,5,7,442.0,0.0,0.0
2026-09-14 20:00,302,3,2026-09-14,Evening,5,7,1078.9,0.0,0.0
2026-09-14 03:00,303,3,2026-09-14,Night,2,4,17.4,0.6,0.6
2026-09-14 11:00,303,3,2026-09-14,Workday,2,4,115.4,0.0,2.4
2026-09-14 16:00,303,3,2026-09-14,Afternoon,2,4,207.0,0.0,0.0
2026-09-14 20:00,303,3,2026-09-14,Evening,2,4,602.1,0.0,0.0
2026-09-15 03:00,101,1,2026-09-15,Night,4,6,32.6,0.6,0.6
2026-09-15 11:00,101,1,2026-09-15,Workday,4,6,170.0,0.0,1.5
2026-09-15 16:00,101,1,2026-09-15,Afternoon,4,6,414.9,0.0,0.0
2026-09-15 20:00,101,1,2026-09-15,Evening,4,6,896.4,0.0,0.0
2026-09-15 03:00,102,1,2026-09-15,Night,5,7,284.4,250.0,250.0
2026-09-15 11:00,102,1,2026-09-15,Workday,5,7,179.1,0.0,0.7
2026-09-15 16:00,102,1,2026-09-15,Afternoon,5,7,399.6,0.0,0.0
2026-09-15 20:00,102,1,2026-09-15,Evening,5,7,882.0,0.0,0.0
2026-09-15 03:00,103,1,2026-09-15,Night,3,5,21.6,0.5,0.5
2026-09-15 11:00,103,1,2026-09-15,Workday,3,5,137.3,0.0,1.2
2026-09-15 16:00,103,1,2026-09-15,Afternoon,3,5,271.8,0.0,0.0
2026-09-15 20:00,103,1,2026-09-15,Evening,3,5,681.0,0.0,0.0
2026-09-15 03:00,104,1,2026-09-15,Night,6,8,55.1,0.9,0.9
2026-09-15 11:00,104,1,2026-09-15,Workday,6,8,324.3,0.0,42.1
2026-09-15 16:00,104,1,2026-09-15,Afternoon,6,8,732.9,0.0,0.0
2026-09-15 20:00,104,1,2026-09-15,Evening,6,8,1722.6,0.0,0.0
2026-09-15 03:00,201,2,2026-09-15,Night,4,6,29.2,1.5,1.5
2026-09-15 11:00,201,2,2026-09-15,Workday,4,6,194.7,0.0,2.7
2026-09-15 16:00,201,2,2026-09-15,Afternoon,4,6,331.4,0.0,0.0
2026-09-15 20:00,201,2,2026-09-15,Evening,4,6,878.2,0.0,0.0
2026-09-15 03:00,202,2,2026-09-15,Night,5,7,33.3,0.8,0.8
2026-09-15 11:00,202,2,2026-09-15,Workday,5,7,192.0,0.0,1.4
2026-09-15 16:00,202,2,2026-09-15,Afternoon,5,7,447.1,0.0,0.0
2026-09-15 20:00,202,2,2026-09-15,Evening,5,7,940.1,0.0,0.0
2026-09-15 03:00,203,2,2026-09-15,Night,3,5,25.7,1.0,1.0
2026-09-15 11:00,203,2,2026-09-15,Workday,3,5,153.3,0.0,35.9
2026-09-15 16:00,203,2,2026-09-15,Afternoon,3,5,302.1,0.0,0.0
2026-09-15 20:00,203,2,2026-09-15,Evening,3,5,778.1,0.0,0.0
2026-09-15 03:00,204,2,2026-09-15,Night,6,8,42.7,1.2,1.2
2026-09-15 11:00,204,2,2026-09-15,Workday,6,8,272.2,0.0,0.5
2026-09-15 16:00,204,2,2026-09-15,Afternoon,6,8,554.9,0.0,0.0
2026-09-15 20:00,204,2,2026-09-15,Evening,6,8,1257.1,0.0,0.0
2026-09-15 03:00,301,3,2026-09-15,Night,4,6,29.6,0.4,0.4
2026-09-15 11:00,301,3,2026-09-15,Workday,4,6,169.8,0.0,1.7
2026-09-15 16:00,301,3,2026-09-15,Afternoon,4,6,385.6,0.0,0.0
2026-09-15 20:00,301,3,2026-09-15,Evening,4,6,888.3,0.0,0.0
2026-09-15 03:00,302,3,2026-09-15,Night,5,7,37.6,0.9,0.9
2026-09-15 11:00,302,3,2026-09-15,Workday,5,7,216.0,0.0,1.9
2026-09-15 16:00,302,3,2026-09-15,Afternoon,5,7,539.5,0.0,0.0
2026-09-15 20:00,302,3,2026-09-15,Evening,5,7,1249.2,0.0,0.0
2026-09-15 03:00,303,3,2026-09-15,Night,2,4,17.3,1.4,1.4
2026-09-15 11:00,303,3,2026-09-15,Workday,2,4,105.0,0.0,2.3
2026-09-15 16:00,303,3,2026-09-15,Afternoon,2,4,215.4,0.0,0.0
2026-09-15 20:00,303,3,2026-09-15,Evening,2,4,571.8,0.0,0.0
2026-09-16 03:00,101,1,2026-09-16,Night,4,6,31.9,0.4,0.4
2026-09-16 11:00,101,1,2026-09-16,Workday,4,6,184.7,0.0,1.6
2026-09-16 16:00,101,1,2026-09-16,Afternoon,4,6,410.4,0.0,0.0
2026-09-16 20:00,101,1,2026-09-16,Evening,4,6,926.5,0.0,0.0
2026-09-16 03:00,102,1,2026-09-16,Night,5,7,286.1,250.0,250.0
2026-09-16 11:00,102,1,2026-09-16,Workday,5,7,232.3,0.0,0.0
2026-09-16 16:00,102,1,2026-09-16,Afternoon,5,7,426.2,0.0,0.0
2026-09-16 20:00,102,1,2026-09-16,Evening,5,7,972.4,0.0,0.0
2026-09-16 03:00,103,1,2026-09-16,Night,3,5,21.0,1.1,1.1
2026-09-16 11:00,103,1,2026-09-16,Workday,3,5,141.3,0.0,1.3
2026-09-16 16:00,103,1,2026-09-16,Afternoon,3,5,292.0,0.0,0.0
2026-09-16 20:00,103,1,2026-09-16,Evening,3,5,709.3,0.0,0.0
2026-09-16 03:00,104,1,2026-09-16,Night,6,8,43.1,0.4,0.4
2026-09-16 11:00,104,1,2026-09-16,Workday,6,8,263.5,0.0,23.3
2026-09-16 16:00,104,1,2026-09-16,Afternoon,6,8,590.6,0.0,0.0
2026-09-16 20:00,104,1,2026-09-16,Evening,6,8,1033.8,0.0,0.0
2026-09-16 03:00,201,2,2026-09-16,Night,4,6,27.3,1.2,1.2
2026-09-16 11:00,201,2,2026-09-16,Workday,4,6,160.6,0.0,3.0
2026-09-16 16:00,201,2,2026-09-16,Afternoon,4,6,346.5,0.0,0.0
2026-09-16 20:00,201,2,2026-09-16,Evening,4,6,988.6,0.0,0.0
2026-09-16 03:00,202,2,2026-09-16,Night,5,7,36.6,1.0,1.0
2026-09-16 11:00,202,2,2026-09-16,Workday,5,7,248.2,0.0,2.2
2026-09-16 16:00,202,2,2026-09-16,Afternoon,5,7,411.6,0.0,0.0
2026-09-16 20:00,202,2,2026-09-16,Evening,5,7,1175.5,0.0,0.0
2026-09-16 03:00,203,2,2026-09-16,Night,3,5,21.8,1.2,1.2
2026-09-16 11:00,203,2,2026-09-16,Workday,3,5,134.6,0.0,36.4
2026-09-16 16:00,203,2,2026-09-16,Afternoon,3,5,318.9,0.0,0.0
2026-09-16 20:00,203,2,2026-09-16,Evening,3,5,697.6,0.0,0.0
2026-09-16 03:00,204,2,2026-09-16,Night,6,8,40.3,0.9,0.9
2026-09-16 11:00,204,2,2026-09-16,Workday,6,8,249.2,0.0,1.4
2026-09-16 16:00,204,2,2026-09-16,Afternoon,6,8,622.8,0.0,0.0
2026-09-16 20:00,204,2,2026-09-16,Evening,6,8,1297.2,0.0,0.0
2026-09-16 03:00,301,3,2026-09-16,Night,4,6,28.7,0.4,0.4
2026-09-16 11:00,301,3,2026-09-16,Workday,4,6,173.4,0.0,1.6
2026-09-16 16:00,301,3,2026-09-16,Afternoon,4,6,377.1,0.0,0.0
2026-09-16 20:00,301,3,2026-09-16,Evening,4,6,870.1,0.0,0.0
2026-09-16 03:00,302,3,2026-09-16,Night,5,7,36.3,1.3,1.3
2026-09-16 11:00,302,3,2026-09-16,Workday,5,7,204.0,0.0,1.5
2026-09-16 16:00,302,3,2026-09-16,Afternoon,5,7,460.8,0.0,0.0
2026-09-16 20:00,302,3,2026-09-16,Evening,5,7,1139.1,0.0,0.0
2026-09-16 03:00,303,3,2026-09-16,Night,2,4,17.9,0.8,0.8
2026-09-16 11:00,303,3,2026-09-16,Workday,2,4,102.0,0.0,0.7
2026-09-16 16:00,303,3,2026-09-16,Afternoon,2,4,243.1,0.0,0.0
2026-09-16 20:00,303,3,2026-09-16,Evening,2,4,581.6,0.0,0.0
2026-09-17 03:00,101,1,2026-09-17,Night,4,6,30.4,0.1,0.1
2026-09-17 11:00,101,1,2026-09-17,Workday,4,6,190.4,0.0,1.4
2026-09-17 16:00,101,1,2026-09-17,Afternoon,4,6,413.3,0.0,0.0
2026-09-17 20:00,101,1,2026-09-17,Evening,4,6,939.0,0.0,0.0
2026-09-17 03:00,102,1,2026-09-17,Night,5,7,288.4,250.0,250.0
2026-09-17 11:00,102,1,2026-09-17,Workday,5,7,232.6,0.0,1.1
2026-09-17 16:00,102,1,2026-09-17,Afternoon,5,7,508.4,0.0,0.0
2026-09-17 20:00,102,1,2026-09-17,Evening,5,7,1073.6,0.0,0.0
2026-09-17 03:00,103,1,2026-09-17,Night,3,5,26.8,1.0,1.0
2026-09-17 11:00,103,1,2026-09-17,Workday,3,5,134.3,0.0,2.7
2026-09-17 16:00,103,1,2026-09-17,Afternoon,3,5,331.7,0.0,0.0
2026-09-17 20:00,103,1,2026-09-17,Evening,3,5,771.6,0.0,0.0
2026-09-17 03:00,104,1,2026-09-17,Night,6,8,56.1,0.7,0.7
2026-09-17 11:00,104,1,2026-09-17,Workday,6,8,316.0,0.0,47.2
2026-09-17 16:00,104,1,2026-09-17,Afternoon,6,8,698.9,0.0,0.0
2026-09-17 20:00,104,1,2026-09-17,Evening,6,8,1601.7,0.0,0.0
2026-09-17 03:00,201,2,2026-09-17,Night,4,6,32.8,1.2,1.2
2026-09-17 11:00,201,2,2026-09-17,Workday,4,6,173.3,0.0,1.5
2026-09-17 16:00,201,2,2026-09-17,Afternoon,4,6,395.7,0.0,0.0
2026-09-17 20:00,201,2,2026-09-17,Evening,4,6,932.7,0.0,0.0
2026-09-17 03:00,202,2,2026-09-17,Night,5,7,35.8,0.7,0.7
2026-09-17 11:00,202,2,2026-09-17,Workday,5,7,195.4,0.0,1.2
2026-09-17 16:00,202,2,2026-09-17,Afternoon,5,7,462.6,0.0,0.0
2026-09-17 20:00,202,2,2026-09-17,Evening,5,7,1126.6,0.0,0.0
2026-09-17 03:00,203,2,2026-09-17,Night,3,5,24.9,0.4,0.4
2026-09-17 11:00,203,2,2026-09-17,Workday,3,5,149.0,0.0,41.6
2026-09-17 16:00,203,2,2026-09-17,Afternoon,3,5,285.6,0.0,0.0
2026-09-17 20:00,203,2,2026-09-17,Evening,3,5,701.5,0.0,0.0
2026-09-17 03:00,204,2,2026-09-17,Night,6,8,38.6,0.6,0.6
2026-09-17 11:00,204,2,2026-09-17,Workday,6,8,268.3,0.0,0.1
2026-09-17 16:00,204,2,2026-09-17,Afternoon,6,8,547.8,0.0,0.0
2026-09-17 20:00,204,2,2026-09-17,Evening,6,8,1299.1,0.0,0.0
2026-09-17 03:00,301,3,2026-09-17,Night,4,6,28.6,1.4,1.4
2026-09-17 11:00,301,3,2026-09-17,Workday,4,6,189.0,0.0,2.5
2026-09-17 16:00,301,3,2026-09-17,Afternoon,4,6,430.2,0.0,0.0
2026-09-17 20:00,301,3,2026-09-17,Evening,4,6,947.0,0.0,0.0
2026-09-17 03:00,302,3,2026-09-17,Night,5,7,32.8,0.1,0.1
2026-09-17 11:00,302,3,2026-09-17,Workday,5,7,206.4,0.0,1.2
2026-09-17 16:00,302,3,2026-09-17,Afternoon,5,7,502.6,0.0,0.0
2026-09-17 20:00,302,3,2026-09-17,Evening,5,7,980.8,0.0,0.0
2026-09-17 03:00,303,3,2026-09-17,Night,2,4,16.4,0.0,0.0
2026-09-17 11:00,303,3,2026-09-17,Workday,2,4,116.3,0.0,1.6
2026-09-17 16:00,303,3,2026-09-17,Afternoon,2,4,254.1,0.0,0.0
2026-09-17 20:00,303,3,2026-09-17,Evening,2,4,571.9,0.0,0.0
2026-09-18 03:00,101,1,2026-09-18,Night,4,6,34.8,1.8,1.8
2026-09-18 11:00,101,1,2026-09-18,Workday,4,6,229.4,0.0,0.6
2026-09-18 16:00,101,1,2026-09-18,Afternoon,4,6,530.7,0.0,0.0
2026-09-18 20:00,101,1,2026-09-18,Evening,4,6,1185.4,0.0,0.0
2026-09-18 03:00,102,1,2026-09-18,Night,5,7,296.5,250.0,250.0
2026-09-18 11:00,102,1,2026-09-18,Workday,5,7,287.5,0.0,1.6
2026-09-18 16:00,102,1,2026-09-18,Afternoon,5,7,644.9,0.0,0.0
2026-09-18 20:00,102,1,2026-09-18,Evening,5,7,1393.5,0.0,0.0
2026-09-18 03:00,103,1,2026-09-18,Night,3,5,33.2,1.0,1.0
2026-09-18 11:00,103,1,2026-09-18,Workday,3,5,204.7,0.0,1.3
2026-09-18 16:00,103,1,2026-09-18,Afternoon,3,5,413.7,0.0,0.0
2026-09-18 20:00,103,1,2026-09-18,Evening,3,5,893.7,0.0,0.0
2026-09-18 03:00,104,1,2026-09-18,Night,6,8,52.7,0.9,0.9
2026-09-18 11:00,104,1,2026-09-18,Workday,6,8,326.3,0.0,37.7
2026-09-18 16:00,104,1,2026-09-18,Afternoon,6,8,780.4,0.0,0.0
2026-09-18 20:00,104,1,2026-09-18,Evening,6,8,1554.4,0.0,0.0
2026-09-18 03:00,201,2,2026-09-18,Night,4,6,36.0,1.5,1.5
2026-09-18 11:00,201,2,2026-09-18,Workday,4,6,234.8,0.0,0.2
2026-09-18 16:00,201,2,2026-09-18,Afternoon,4,6,500.6,0.0,0.0
2026-09-18 20:00,201,2,2026-09-18,Evening,4,6,1300.9,0.0,0.0
2026-09-18 03:00,202,2,2026-09-18,Night,5,7,55.0,0.4,0.4
2026-09-18 11:00,202,2,2026-09-18,Workday,5,7,304.0,0.0,2.8
2026-09-18 16:00,202,2,2026-09-18,Afternoon,5,7,635.5,0.0,0.0
2026-09-18 20:00,202,2,2026-09-18,Evening,5,7,1503.1,0.0,0.0
2026-09-18 03:00,203,2,2026-09-18,Night,3,5,21.6,1.4,1.4
2026-09-18 11:00,203,2,2026-09-18,Workday,3,5,144.5,0.0,38.6
2026-09-18 16:00,203,2,2026-09-18,Afternoon,3,5,312.1,0.0,0.0
2026-09-18 20:00,203,2,2026-09-18,Evening,3,5,738.6,0.0,0.0
2026-09-18 03:00,204,2,2026-09-18,Night,6,8,59.7,0.6,0.6
2026-09-18 11:00,204,2,2026-09-18,Workday,6,8,336.2,0.0,2.4
2026-09-18 16:00,204,2,2026-09-18,Afternoon,6,8,752.1,0.0,0.0
2026-09-18 20:00,204,2,2026-09-18,Evening,6,8,1630.3,0.0,0.0
2026-09-18 03:00,301,3,2026-09-18,Night,4,6,40.2,1.2,1.2
2026-09-18 11:00,301,3,2026-09-18,Workday,4,6,255.2,0.0,0.9
2026-09-18 16:00,301,3,2026-09-18,Afternoon,4,6,496.5,0.0,0.0
2026-09-18 20:00,301,3,2026-09-18,Evening,4,6,1179.9,0.0,0.0
2026-09-18 03:00,302,3,2026-09-18,Night,5,7,46.2,1.0,1.0
2026-09-18 11:00,302,3,2026-09-18,Workday,5,7,280.0,0.0,0.2
2026-09-18 16:00,302,3,2026-09-18,Afternoon,5,7,561.7,0.0,0.0
2026-09-18 20:00,302,3,2026-09-18,Evening,5,7,1503.9,0.0,0.0
2026-09-18 03:00,303,3,2026-09-18,Night,2,4,24.5,1.1,1.1
2026-09-18 11:00,303,3,2026-09-18,Workday,2,4,137.9,0.0,0.7
2026-09-18 16:00,303,3,2026-09-18,Afternoon,2,4,308.5,0.0,0.0
2026-09-18 20:00,303,3,2026-09-18,Evening,2,4,665.8,0.0,0.0
2026-09-19 03:00,101,1,2026-09-19,Night,4,6,40.5,0.4,0.4
2026-09-19 11:00,101,1,2026-09-19,Workday,4,6,238.2,0.0,1.3
2026-09-19 16:00,101,1,2026-09-19,Afternoon,4,6,484.5,0.0,0.0
2026-09-19 20:00,101,1,2026-09-19,Evening,4,6,1193.7,0.0,0.0
2026-09-19 03:00,102,1,2026-09-19,Night,5,7,292.3,250.0,250.0
2026-09-19 11:00,102,1,2026-09-19,Workday,5,7,279.3,0.0,1.3
2026-09-19 16:00,102,1,2026-09-19,Afternoon,5,7,595.3,0.0,0.0
2026-09-19 20:00,102,1,2026-09-19,Evening,5,7,1249.1,0.0,0.0
2026-09-19 03:00,103,1,2026-09-19,Night,3,5,34.6,1.1,1.1
2026-09-19 11:00,103,1,2026-09-19,Workday,3,5,203.6,0.0,0.5
2026-09-19 16:00,103,1,2026-09-19,Afternoon,3,5,435.8,0.0,0.0
2026-09-19 20:00,103,1,2026-09-19,Evening,3,5,942.8,0.0,0.0
2026-09-19 03:00,104,1,2026-09-19,Night,6,8,43.8,1.1,1.1
2026-09-19 11:00,104,1,2026-09-19,Workday,6,8,246.0,0.0,25.6
2026-09-19 16:00,104,1,2026-09-19,Afternoon,6,8,568.9,0.0,0.0
2026-09-19 20:00,104,1,2026-09-19,Evening,6,8,1413.6,0.0,0.0
2026-09-19 03:00,201,2,2026-09-19,Night,4,6,42.0,0.0,0.0
2026-09-19 11:00,201,2,2026-09-19,Workday,4,6,264.5,0.0,0.8
2026-09-19 16:00,201,2,2026-09-19,Afternoon,4,6,588.6,0.0,0.0
2026-09-19 20:00,201,2,2026-09-19,Evening,4,6,1376.9,0.0,0.0
2026-09-19 03:00,202,2,2026-09-19,Night,5,7,53.0,0.2,0.2
2026-09-19 11:00,202,2,2026-09-19,Workday,5,7,346.5,0.0,1.7
2026-09-19 16:00,202,2,2026-09-19,Afternoon,5,7,689.1,0.0,0.0
2026-09-19 20:00,202,2,2026-09-19,Evening,5,7,1422.9,0.0,0.0
2026-09-19 03:00,203,2,2026-09-19,Night,3,5,28.5,0.7,0.7
2026-09-19 11:00,203,2,2026-09-19,Workday,3,5,184.1,0.0,37.0
2026-09-19 16:00,203,2,2026-09-19,Afternoon,3,5,431.8,0.0,0.0
2026-09-19 20:00,203,2,2026-09-19,Evening,3,5,946.0,0.0,0.0
2026-09-19 03:00,204,2,2026-09-19,Night,6,8,57.3,1.8,1.8
2026-09-19 11:00,204,2,2026-09-19,Workday,6,8,331.2,0.0,2.5
2026-09-19 16:00,204,2,2026-09-19,Afternoon,6,8,655.9,0.0,0.0
2026-09-19 20:00,204,2,2026-09-19,Evening,6,8,1625.2,0.0,0.0
2026-09-19 03:00,301,3,2026-09-19,Night,4,6,40.7,2.3,2.3
2026-09-19 11:00,301,3,2026-09-19,Workday,4,6,284.6,0.0,0.3
2026-09-19 16:00,301,3,2026-09-19,Afternoon,4,6,499.8,0.0,0.0
2026-09-19 20:00,301,3,2026-09-19,Evening,4,6,1222.0,0.0,0.0
2026-09-19 03:00,302,3,2026-09-19,Night,5,7,55.1,1.0,1.0
2026-09-19 11:00,302,3,2026-09-19,Workday,5,7,283.1,0.0,0.8
2026-09-19 16:00,302,3,2026-09-19,Afternoon,5,7,562.4,0.0,0.0
2026-09-19 20:00,302,3,2026-09-19,Evening,5,7,1404.4,0.0,0.0
2026-09-19 03:00,303,3,2026-09-19,Night,2,4,19.1,0.1,0.1
2026-09-19 11:00,303,3,2026-09-19,Workday,2,4,110.4,0.0,2.8
2026-09-19 16:00,303,3,2026-09-19,Afternoon,2,4,239.9,0.0,0.0
2026-09-19 20:00,303,3,2026-09-19,Evening,2,4,538.2,0.0,0.0
2026-09-20 03:00,101,1,2026-09-20,Night,4,6,31.6,0.8,0.8
2026-09-20 11:00,101,1,2026-09-20,Workday,4,6,178.0,0.0,1.2
2026-09-20 16:00,101,1,2026-09-20,Afternoon,4,6,400.7,0.0,0.0
2026-09-20 20:00,101,1,2026-09-20,Evening,4,6,889.4,0.0,0.0
2026-09-20 03:00,102,1,2026-09-20,Night,5,7,289.7,250.0,250.0
2026-09-20 11:00,102,1,2026-09-20,Workday,5,7,240.9,0.0,3.1
2026-09-20 16:00,102,1,2026-09-20,Afternoon,5,7,536.5,0.0,0.0
2026-09-20 20:00,102,1,2026-09-20,Evening,5,7,1227.1,0.0,0.0
2026-09-20 03:00,103,1,2026-09-20,Night,3,5,24.0,2.0,2.0
2026-09-20 11:00,103,1,2026-09-20,Workday,3,5,140.0,0.0,1.0
2026-09-20 16:00,103,1,2026-09-20,Afternoon,3,5,299.7,0.0,0.0
2026-09-20 20:00,103,1,2026-09-20,Evening,3,5,739.1,0.0,0.0
2026-09-20 03:00,104,1,2026-09-20,Night,6,8,45.3,0.7,0.7
2026-09-20 11:00,104,1,2026-09-20,Workday,6,8,229.2,0.0,37.6
2026-09-20 16:00,104,1,2026-09-20,Afternoon,6,8,586.6,0.0,0.0
2026-09-20 20:00,104,1,2026-09-20,Evening,6,8,1281.4,0.0,0.0
2026-09-20 03:00,201,2,2026-09-20,Night,4,6,30.9,1.5,1.5
2026-09-20 11:00,201,2,2026-09-20,Workday,4,6,178.5,0.0,0.4
2026-09-20 16:00,201,2,2026-09-20,Afternoon,4,6,375.2,0.0,0.0
2026-09-20 20:00,201,2,2026-09-20,Evening,4,6,887.2,0.0,0.0
2026-09-20 03:00,202,2,2026-09-20,Night,5,7,35.3,0.4,0.4
2026-09-20 11:00,202,2,2026-09-20,Workday,5,7,208.6,0.0,1.7
2026-09-20 16:00,202,2,2026-09-20,Afternoon,5,7,430.4,0.0,0.0
2026-09-20 20:00,202,2,2026-09-20,Evening,5,7,1111.1,0.0,0.0
2026-09-20 03:00,203,2,2026-09-20,Night,3,5,28.9,0.9,0.9
2026-09-20 11:00,203,2,2026-09-20,Workday,3,5,189.8,0.0,35.0
2026-09-20 16:00,203,2,2026-09-20,Afternoon,3,5,368.5,0.0,0.0
2026-09-20 20:00,203,2,2026-09-20,Evening,3,5,941.1,0.0,0.0
2026-09-20 03:00,204,2,2026-09-20,Night,6,8,48.2,0.7,0.7
2026-09-20 11:00,204,2,2026-09-20,Workday,6,8,260.6,0.0,1.0
2026-09-20 16:00,204,2,2026-09-20,Afternoon,6,8,507.8,0.0,0.0
2026-09-20 20:00,204,2,2026-09-20,Evening,6,8,1292.5,0.0,0.0
2026-09-20 03:00,301,3,2026-09-20,Night,4,6,29.0,0.5,0.5
2026-09-20 11:00,301,3,2026-09-20,Workday,4,6,172.3,0.0,2.6
2026-09-20 16:00,301,3,2026-09-20,Afternoon,4,6,386.4,0.0,0.0
2026-09-20 20:00,301,3,2026-09-20,Evening,4,6,959.1,0.0,0.0
2026-09-20 03:00,302,3,2026-09-20,Night,5,7,35.1,0.5,0.5
2026-09-20 11:00,302,3,2026-09-20,Workday,5,7,180.0,0.0,1.6
2026-09-20 16:00,302,3,2026-09-20,Afternoon,5,7,468.2,0.0,0.0
2026-09-20 20:00,302,3,2026-09-20,Evening,5,7,916.4,0.0,0.0
2026-09-20 03:00,303,3,2026-09-20,Night,2,4,17.4,0.3,0.3
2026-09-20 11:00,303,3,2026-09-20,Workday,2,4,105.7,0.0,0.0
2026-09-20 16:00,303,3,2026-09-20,Afternoon,2,4,236.1,0.0,0.0
2026-09-20 20:00,303,3,2026-09-20,Evening,2,4,574.9,0.0,0.0
