Date,Building_ID,Main_Meter_Water_Liters,Total_Apartment_Consumption_Liters,Legitimate_External_Water_Use_Liters,Unaccounted_Water_Liters,Building_Wide_Case,Building_Status,Tank_Level_Percent,Expected_Tank_Level_Percent,Pump_Runtime_Hours,Pump_Motor_Current_A,Pump_Motor_Status,Tank_Float_Valve_Status,External_Supply_Pipe_Loss_Liters,Tank_Overflow_Loss_Liters
2026-06-29,B101,3072.6,3039.4,0,0.0,Normal Building,Normal,75.7,75,7.4,1.15,Normal,Normal,0.0,0.0
2026-06-30,B101,3112.1,3088.5,0,0.0,Normal Building,Normal,71.9,75,7.5,1.12,Normal,Normal,0.0,0.0
2026-07-01,B101,3120.2,3126.9,0,0.0,Normal Building,Normal,70.3,75,6.7,1.17,Normal,Normal,0.0,0.0
2026-07-02,B101,3095.7,3132.9,0,0.0,Normal Building,Normal,71.0,75,7.1,1.2,Normal,Normal,0.0,0.0
2026-07-03,B101,3271.5,3276.5,0,0.0,Normal Building,Normal,73.2,75,7.2,1.16,Normal,Normal,0.0,0.0
2026-07-04,B101,3482.8,3480.0,0,0.0,Normal Building,Normal,70.7,75,6.6,1.27,Normal,Normal,0.0,0.0
2026-07-05,B101,3304.6,3275.2,0,0.0,Normal Building,Normal,76.3,75,6.9,1.07,Normal,Normal,0.0,0.0
2026-07-06,B101,3201.7,3196.0,0,0.0,Normal Building,Normal,71.2,75,6.5,1.25,Normal,Normal,0.0,0.0
2026-07-07,B101,3050.0,3087.5,0,0.0,Normal Building,Normal,70.0,75,5.3,1.1,Normal,Normal,0.0,0.0
2026-07-08,B101,3113.6,3083.9,0,0.0,Normal Building,Normal,75.3,75,6.8,1.21,Normal,Normal,0.0,0.0
2026-07-09,B101,3095.1,3146.2,0,0.0,Normal Building,Normal,70.3,75,6.7,1.15,Normal,Normal,0.0,0.0
2026-07-10,B101,3317.5,3311.1,0,0.0,Normal Building,Normal,73.2,75,6.5,1.12,Normal,Normal,0.0,0.0
2026-07-11,B101,3254.8,3280.4,0,0.0,Normal Building,Normal,75.7,75,6.6,1.19,Normal,Normal,0.0,0.0
2026-07-12,B101,3378.8,3387.5,0,0.0,Normal Building,Normal,74.1,75,6.3,1.12,Normal,Normal,0.0,0.0
2026-07-13,B101,3018.0,3018.8,0,0.0,Normal Building,Normal,74.9,75,7.7,1.19,Normal,Normal,0.0,0.0
2026-07-14,B101,2936.4,2942.6,0,0.0,Normal Building,Normal,74.1,75,6.8,1.1,Normal,Normal,0.0,0.0
2026-07-15,B101,3172.1,3155.4,0,0.0,Normal Building,Normal,74.2,75,7.4,1.12,Normal,Normal,0.0,0.0
2026-07-16,B101,3044.3,3041.9,0,0.0,Normal Building,Normal,73.1,75,6.5,1.14,Normal,Normal,0.0,0.0
2026-07-17,B101,4203.4,4218.8,0,0.0,Normal Building,Normal,74.5,75,6.1,1.09,Normal,Normal,0.0,0.0
2026-07-18,B101,4145.0,4127.4,0,0.0,Normal Building,Normal,71.7,75,7.7,1.09,Normal,Normal,0.0,0.0
2026-07-19,B101,4283.3,4293.3,0,0.0,Normal Building,Normal,73.8,75,7.6,1.18,Normal,Normal,0.0,0.0
2026-07-20,B101,2939.8,2958.0,0,0.0,Normal Building,Normal,70.2,75,6.9,1.13,Normal,Normal,0.0,0.0
2026-07-21,B101,2835.5,2847.8,0,0.0,Normal Building,Normal,74.0,75,7.6,1.11,Normal,Normal,0.0,0.0
2026-07-22,B101,2894.9,2939.6,0,0.0,Normal Building,Normal,75.1,75,6.7,1.18,Normal,Normal,0.0,0.0
2026-07-23,B101,2939.3,2925.1,0,0.0,Normal Building,Normal,74.7,75,7.8,1.19,Normal,Normal,0.0,0.0
2026-07-24,B101,3352.5,3306.6,0,0.0,Normal Building,Normal,71.9,75,7.2,1.12,Normal,Normal,0.0,0.0
2026-07-25,B101,3099.9,3101.9,0,0.0,Normal Building,Normal,75.8,75,7.7,1.12,Normal,Normal,0.0,0.0
2026-07-26,B101,3185.7,3214.8,0,0.0,Normal Building,Normal,72.8,75,7.2,1.15,Normal,Normal,0.0,0.0
2026-07-27,B101,2736.6,2697.4,0,0.0,Normal Building,Normal,75.0,75,7.1,1.15,Normal,Normal,0.0,0.0
2026-07-28,B101,2848.2,2862.7,0,0.0,Normal Building,Normal,74.5,75,7.3,1.12,Normal,Normal,0.0,0.0
2026-07-29,B101,2830.1,2857.3,0,0.0,Normal Building,Normal,75.4,75,6.7,1.16,Normal,Normal,0.0,0.0
2026-07-30,B101,2659.4,2655.0,0,0.0,Normal Building,Normal,74.4,75,6.9,1.16,Normal,Normal,0.0,0.0
2026-07-31,B101,3228.4,3209.9,0,0.0,Normal Building,Normal,71.3,75,6.4,1.15,Normal,Normal,0.0,0.0
2026-08-01,B101,3186.8,3176.8,0,0.0,Normal Building,Normal,76.8,75,7.2,1.12,Normal,Normal,0.0,0.0
2026-08-02,B101,3063.1,3051.2,0,0.0,Normal Building,Normal,73.0,75,7.1,1.18,Normal,Normal,0.0,0.0
2026-08-03,B101,2892.9,2900.7,0,0.0,Normal Building,Normal,73.4,75,6.8,1.05,Normal,Normal,0.0,0.0
2026-08-04,B101,2827.3,2839.4,0,0.0,Normal Building,Normal,72.1,75,7.3,1.17,Normal,Normal,0.0,0.0
2026-08-05,B101,2859.1,2875.6,0,0.0,Normal Building,Normal,70.8,75,6.1,1.17,Normal,Normal,0.0,0.0
2026-08-06,B101,2595.9,2615.0,0,0.0,Normal Building,Normal,72.3,75,7.3,1.13,Normal,Normal,0.0,0.0
2026-08-07,B101,3128.5,3154.4,0,0.0,Normal Building,Normal,76.3,75,8.3,1.18,Normal,Normal,0.0,0.0
2026-08-08,B101,3185.9,3205.3,0,0.0,Normal Building,Normal,73.3,75,6.9,1.08,Normal,Normal,0.0,0.0
2026-08-09,B101,3128.7,3101.0,0,0.0,Normal Building,Normal,75.7,75,6.5,1.17,Normal,Normal,0.0,0.0
2026-08-10,B101,2851.1,2849.2,0,0.0,Normal Building,Normal,72.7,75,7.1,1.22,Normal,Normal,0.0,0.0
2026-08-11,B101,2967.8,2964.4,0,0.0,Normal Building,Normal,74.3,75,7.0,1.11,Normal,Normal,0.0,0.0
2026-08-12,B101,3074.5,3081.6,0,0.0,Normal Building,Normal,72.8,75,8.0,1.14,Normal,Normal,0.0,0.0
2026-08-13,B101,2866.5,2824.0,0,0.0,Normal Building,Normal,73.9,75,7.3,1.1,Normal,Normal,0.0,0.0
2026-08-14,B101,3342.9,3307.2,0,0.0,Normal Building,Normal,74.7,75,7.1,1.15,Normal,Normal,0.0,0.0
2026-08-15,B101,3184.8,3215.2,0,0.0,Normal Building,Normal,76.2,75,7.1,1.1,Normal,Normal,0.0,0.0
2026-08-16,B101,4170.4,4201.1,0,0.0,Normal Building,Normal,75.1,75,6.9,1.18,Normal,Normal,0.0,0.0
2026-08-17,B101,3773.3,3763.9,0,0.0,Normal Building,Normal,72.2,75,7.3,1.1,Normal,Normal,0.0,0.0
2026-08-18,B101,2952.9,2955.9,0,0.0,Normal Building,Normal,74.9,75,7.5,1.13,Normal,Normal,0.0,0.0
2026-08-19,B101,3002.7,3007.3,0,0.0,Normal Building,Normal,70.6,75,6.2,1.16,Normal,Normal,0.0,0.0
2026-08-20,B101,3046.8,3071.9,0,0.0,Normal Building,Normal,70.8,75,6.7,1.22,Normal,Normal,0.0,0.0
2026-08-21,B101,3454.7,3468.9,0,0.0,Normal Building,Normal,73.3,75,7.7,1.14,Normal,Normal,0.0,0.0
2026-08-22,B101,3446.2,3496.6,0,0.0,Normal Building,Normal,70.9,75,6.8,1.15,Normal,Normal,0.0,0.0
2026-08-23,B101,3244.1,3258.5,0,0.0,Normal Building,Normal,78.3,75,6.3,1.11,Normal,Normal,0.0,0.0
2026-08-24,B101,3029.6,3024.6,0,0.0,Normal Building,Normal,74.6,75,6.6,1.21,Normal,Normal,0.0,0.0
2026-08-25,B101,2995.3,3027.6,0,0.0,Normal Building,Normal,72.1,75,6.8,1.26,Normal,Normal,0.0,0.0
2026-08-26,B101,2994.1,3006.8,0,0.0,Normal Building,Normal,74.0,75,7.8,1.11,Normal,Normal,0.0,0.0
2026-08-27,B101,3105.0,3075.9,0,0.0,Normal Building,Normal,71.7,75,7.1,1.16,Normal,Normal,0.0,0.0
2026-08-28,B101,3391.0,3386.3,0,0.0,Normal Building,Normal,73.3,75,7.4,1.1,Normal,Normal,0.0,0.0
2026-08-29,B101,3248.0,3267.8,0,0.0,Normal Building,Normal,73.8,75,6.1,1.14,Normal,Normal,0.0,0.0
2026-08-30,B101,3250.7,3262.4,0,0.0,Normal Building,Normal,71.6,75,6.6,1.13,Normal,Normal,0.0,0.0
2026-08-31,B101,3014.0,3010.2,0,0.0,Normal Building,Normal,72.5,75,7.3,1.2,Normal,Normal,0.0,0.0
2026-09-01,B101,2847.2,2833.8,0,0.0,Normal Building,Normal,74.8,75,5.9,1.06,Normal,Normal,0.0,0.0
2026-09-02,B101,3003.3,2998.3,0,0.0,Normal Building,Normal,72.6,75,6.1,1.15,Normal,Normal,0.0,0.0
2026-09-03,B101,3137.3,3108.7,0,0.0,Normal Building,Normal,75.1,75,6.7,1.22,Normal,Normal,0.0,0.0
2026-09-04,B101,3239.1,3257.2,0,0.0,Normal Building,Normal,75.5,75,7.5,1.18,Normal,Normal,0.0,0.0
2026-09-05,B101,3858.4,3886.4,0,0.0,Normal Building,Normal,76.1,75,7.1,1.12,Normal,Normal,0.0,0.0
2026-09-06,B101,3973.7,3960.7,0,0.0,Normal Building,Normal,72.4,75,7.7,1.14,Normal,Normal,0.0,0.0
2026-09-07,B101,3656.2,3691.7,0,0.0,Normal Building,Normal,74.2,75,7.0,1.2,Normal,Normal,0.0,0.0
2026-09-08,B101,2663.8,2657.5,0,0.0,Normal Building,Normal,76.2,75,7.2,1.18,Normal,Normal,0.0,0.0
2026-09-09,B101,2687.8,2691.5,0,0.0,Normal Building,Normal,72.6,75,7.3,1.16,Normal,Normal,0.0,0.0
2026-09-10,B101,2945.4,2951.4,0,0.0,Normal Building,Normal,76.7,75,7.0,1.15,Normal,Normal,0.0,0.0
2026-09-11,B101,3174.5,3136.1,0,0.0,Normal Building,Normal,75.6,75,7.2,1.09,Normal,Normal,0.0,0.0
2026-09-12,B101,2983.4,2977.8,0,0.0,Normal Building,Normal,72.8,75,7.1,1.23,Normal,Normal,0.0,0.0
2026-09-13,B101,2899.5,2929.2,0,0.0,Normal Building,Normal,72.8,75,6.9,1.18,Normal,Normal,0.0,0.0
2026-09-14,B101,2650.2,2651.7,0,0.0,Normal Building,Normal,71.4,75,7.3,1.15,Normal,Normal,0.0,0.0
2026-09-15,B101,2956.9,2970.5,0,0.0,Normal Building,Normal,72.6,75,7.1,1.2,Normal,Normal,0.0,0.0
2026-09-16,B101,2788.2,2744.5,0,0.0,Normal Building,Normal,78.5,75,6.7,1.18,Normal,Normal,0.0,0.0
2026-09-17,B101,2824.4,2839.0,0,0.0,Normal Building,Normal,72.1,75,8.0,1.1,Normal,Normal,0.0,0.0
2026-09-18,B101,3080.6,3092.3,0,0.0,Normal Building,Normal,75.9,75,7.2,1.18,Normal,Normal,0.0,0.0
2026-09-19,B101,3208.1,3182.0,0,0.0,Normal Building,Normal,74.5,75,7.6,1.12,Normal,Normal,0.0,0.0
2026-09-20,B101,3169.5,3192.2,0,0.0,Normal Building,Normal,74.9,75,6.8,1.22,Normal,Normal,0.0,0.0
2026-09-21,B101,2954.3,2974.1,0,0.0,Normal Building,Normal,72.8,75,7.4,1.18,Normal,Normal,0.0,0.0
2026-09-22,B101,2932.1,2916.5,0,0.0,Normal Building,Normal,70.8,75,7.3,1.07,Normal,Normal,0.0,0.0
2026-09-23,B101,2895.8,2874.9,0,0.0,Normal Building,Normal,75.5,75,6.7,1.21,Normal,Normal,0.0,0.0
2026-09-24,B101,2835.0,2834.7,0,0.0,Normal Building,Normal,73.6,75,6.7,1.07,Normal,Normal,0.0,0.0
2026-09-25,B101,3387.0,3380.3,0,0.0,Normal Building,Normal,73.0,75,7.2,1.12,Normal,Normal,0.0,0.0
2026-09-26,B101,3450.0,3444.0,0,0.0,Normal Building,Normal,79.0,75,7.4,1.2,Normal,Normal,0.0,0.0
2026-06-29,B102,2597.6,2562.3,0,0.0,External Supply Pipe Leak,Normal,74.8,75,7.4,1.15,Normal,Normal,0.0,0.0
2026-06-30,B102,2605.3,2621.4,0,0.0,External Supply Pipe Leak,Normal,75.5,75,7.4,1.24,Normal,Normal,0.0,0.0
2026-07-01,B102,2694.1,2689.5,0,0.0,External Supply Pipe Leak,Normal,77.3,75,5.8,1.15,Normal,Normal,0.0,0.0
2026-07-02,B102,2586.6,2573.3,0,0.0,External Supply Pipe Leak,Normal,73.8,75,5.9,1.1,Normal,Normal,0.0,0.0
2026-07-03,B102,2987.4,2975.8,0,0.0,External Supply Pipe Leak,Normal,75.1,75,6.6,1.17,Normal,Normal,0.0,0.0
2026-07-04,B102,2799.5,2805.9,0,0.0,External Supply Pipe Leak,Normal,71.7,75,6.5,1.2,Normal,Normal,0.0,0.0
2026-07-05,B102,2892.1,2907.7,0,0.0,External Supply Pipe Leak,Normal,73.2,75,7.3,1.12,Normal,Normal,0.0,0.0
2026-07-06,B102,2588.0,2601.0,0,0.0,External Supply Pipe Leak,Normal,75.7,75,7.2,1.14,Normal,Normal,0.0,0.0
2026-07-07,B102,2845.3,2830.0,0,0.0,External Supply Pipe Leak,Normal,73.5,75,7.2,1.12,Normal,Normal,0.0,0.0
2026-07-08,B102,2494.7,2491.6,0,0.0,External Supply Pipe Leak,Normal,71.1,75,7.7,1.2,Normal,Normal,0.0,0.0
2026-07-09,B102,2730.3,2734.9,0,0.0,External Supply Pipe Leak,Normal,73.2,75,7.4,1.15,Normal,Normal,0.0,0.0
2026-07-10,B102,2882.3,2861.8,0,0.0,External Supply Pipe Leak,Normal,76.8,75,6.2,1.21,Normal,Normal,0.0,0.0
2026-07-11,B102,3008.1,3003.7,0,0.0,External Supply Pipe Leak,Normal,73.4,75,6.2,1.18,Normal,Normal,0.0,0.0
2026-07-12,B102,3156.9,3174.2,0,0.0,External Supply Pipe Leak,Normal,71.1,75,8.2,1.18,Normal,Normal,0.0,0.0
2026-07-13,B102,2628.5,2619.7,0,0.0,External Supply Pipe Leak,Normal,72.6,75,8.0,1.17,Normal,Normal,0.0,0.0
2026-07-14,B102,2520.4,2556.2,0,0.0,External Supply Pipe Leak,Normal,75.9,75,7.0,1.15,Normal,Normal,0.0,0.0
2026-07-15,B102,2719.3,2702.4,0,0.0,External Supply Pipe Leak,Normal,76.0,75,6.6,1.21,Normal,Normal,0.0,0.0
2026-07-16,B102,2790.5,2768.1,0,0.0,External Supply Pipe Leak,Normal,73.9,75,7.5,1.17,Normal,Normal,0.0,0.0
2026-07-17,B102,2858.4,2873.3,0,0.0,External Supply Pipe Leak,Normal,76.2,75,7.3,1.17,Normal,Normal,0.0,0.0
2026-07-18,B102,2916.6,2910.1,0,0.0,External Supply Pipe Leak,Normal,71.2,75,6.9,1.22,Normal,Normal,0.0,0.0
2026-07-19,B102,2847.2,2825.7,0,0.0,External Supply Pipe Leak,Normal,74.0,75,6.5,1.2,Normal,Normal,0.0,0.0
2026-07-20,B102,2709.1,2722.1,0,0.0,External Supply Pipe Leak,Normal,75.2,75,6.5,1.23,Normal,Normal,0.0,0.0
2026-07-21,B102,2616.6,2596.8,0,0.0,External Supply Pipe Leak,Normal,74.5,75,7.4,1.13,Normal,Normal,0.0,0.0
2026-07-22,B102,2597.8,2592.2,0,0.0,External Supply Pipe Leak,Normal,75.3,75,7.0,1.11,Normal,Normal,0.0,0.0
2026-07-23,B102,2711.6,2701.3,0,0.0,External Supply Pipe Leak,Normal,73.9,75,5.9,1.29,Normal,Normal,0.0,0.0
2026-07-24,B102,2663.1,2667.1,0,0.0,External Supply Pipe Leak,Normal,73.8,75,6.9,1.14,Normal,Normal,0.0,0.0
2026-07-25,B102,2675.2,2682.9,0,0.0,External Supply Pipe Leak,Normal,68.5,75,6.8,1.12,Normal,Normal,0.0,0.0
2026-07-26,B102,2678.4,2711.5,0,0.0,External Supply Pipe Leak,Normal,75.8,75,7.7,1.21,Normal,Normal,0.0,0.0
2026-07-27,B102,2531.6,2512.4,0,0.0,External Supply Pipe Leak,Normal,73.9,75,6.9,1.1,Normal,Normal,0.0,0.0
2026-07-28,B102,2341.1,2352.3,0,0.0,External Supply Pipe Leak,Normal,69.4,75,8.0,1.22,Normal,Normal,0.0,0.0
2026-07-29,B102,2521.3,2522.1,0,0.0,External Supply Pipe Leak,Normal,72.8,75,6.4,1.04,Normal,Normal,0.0,0.0
2026-07-30,B102,2608.4,2617.8,0,0.0,External Supply Pipe Leak,Normal,77.1,75,7.6,1.1,Normal,Normal,0.0,0.0
2026-07-31,B102,2638.3,2612.4,0,0.0,External Supply Pipe Leak,Normal,73.1,75,6.7,1.24,Normal,Normal,0.0,0.0
2026-08-01,B102,2768.9,2795.6,0,0.0,External Supply Pipe Leak,Normal,73.5,75,6.8,1.11,Normal,Normal,0.0,0.0
2026-08-02,B102,2782.6,2763.5,0,0.0,External Supply Pipe Leak,Normal,73.1,75,7.3,1.04,Normal,Normal,0.0,0.0
2026-08-03,B102,2531.4,2537.6,0,0.0,External Supply Pipe Leak,Normal,73.7,75,7.3,1.08,Normal,Normal,0.0,0.0
2026-08-04,B102,2315.3,2306.4,0,0.0,External Supply Pipe Leak,Normal,76.1,75,6.8,1.16,Normal,Normal,0.0,0.0
2026-08-05,B102,2483.0,2496.9,0,0.0,External Supply Pipe Leak,Normal,70.7,75,7.0,1.16,Normal,Normal,0.0,0.0
2026-08-06,B102,2558.1,2546.4,0,0.0,External Supply Pipe Leak,Normal,72.3,75,7.3,1.27,Normal,Normal,0.0,0.0
2026-08-07,B102,2747.3,2743.0,0,0.0,External Supply Pipe Leak,Normal,73.7,75,6.6,1.22,Normal,Normal,0.0,0.0
2026-08-08,B102,2781.2,2785.7,0,0.0,External Supply Pipe Leak,Normal,70.2,75,7.2,1.15,Normal,Normal,0.0,0.0
2026-08-09,B102,3056.1,3021.3,0,0.0,External Supply Pipe Leak,Normal,73.0,75,6.6,1.11,Normal,Normal,0.0,0.0
2026-08-10,B102,2565.1,2553.8,0,0.0,External Supply Pipe Leak,Normal,76.0,75,6.4,1.18,Normal,Normal,0.0,0.0
2026-08-11,B102,2623.2,2607.5,0,0.0,External Supply Pipe Leak,Normal,72.6,75,6.8,1.07,Normal,Normal,0.0,0.0
2026-08-12,B102,2612.0,2629.9,0,0.0,External Supply Pipe Leak,Normal,71.8,75,7.0,1.1,Normal,Normal,0.0,0.0
2026-08-13,B102,2595.6,2566.3,0,0.0,External Supply Pipe Leak,Normal,75.7,75,6.8,1.08,Normal,Normal,0.0,0.0
2026-08-14,B102,2789.0,2758.7,0,0.0,External Supply Pipe Leak,Normal,74.5,75,6.3,1.18,Normal,Normal,0.0,0.0
2026-08-15,B102,2895.1,2946.0,0,0.0,External Supply Pipe Leak,Normal,74.7,75,7.1,1.18,Normal,Normal,0.0,0.0
2026-08-16,B102,3027.8,3016.6,0,0.0,External Supply Pipe Leak,Normal,73.1,75,6.1,1.16,Normal,Normal,0.0,0.0
2026-08-17,B102,2602.8,2641.5,0,0.0,External Supply Pipe Leak,Normal,80.9,75,6.8,1.14,Normal,Normal,0.0,0.0
2026-08-18,B102,2670.4,2651.5,0,0.0,External Supply Pipe Leak,Normal,70.9,75,6.5,1.12,Normal,Normal,0.0,0.0
2026-08-19,B102,2593.7,2631.3,0,0.0,External Supply Pipe Leak,Normal,72.4,75,7.3,1.11,Normal,Normal,0.0,0.0
2026-08-20,B102,2605.8,2614.7,0,0.0,External Supply Pipe Leak,Normal,78.5,75,7.3,1.14,Normal,Normal,0.0,0.0
2026-08-21,B102,2968.0,2944.3,0,0.0,External Supply Pipe Leak,Normal,70.2,75,5.7,1.12,Normal,Normal,0.0,0.0
2026-08-22,B102,2963.5,2946.2,0,0.0,External Supply Pipe Leak,Normal,75.9,75,8.0,1.16,Normal,Normal,0.0,0.0
2026-08-23,B102,3474.1,3081.8,0,407.4,External Supply Pipe Leak,Possible External Supply Pipe Leak,70.9,75,6.0,1.16,Normal,Normal,407.4,0.0
2026-08-24,B102,3212.7,2854.1,0,353.9,External Supply Pipe Leak,Possible External Supply Pipe Leak,75.4,75,6.0,1.13,Normal,Normal,353.9,0.0
2026-08-25,B102,3349.2,2991.9,0,368.8,External Supply Pipe Leak,Possible External Supply Pipe Leak,75.4,75,6.2,1.08,Normal,Normal,368.8,0.0
2026-08-26,B102,3368.5,2918.8,0,450.8,External Supply Pipe Leak,Possible External Supply Pipe Leak,72.8,75,6.9,1.14,Normal,Normal,450.8,0.0
2026-08-27,B102,3413.7,2972.6,0,439.6,External Supply Pipe Leak,Possible External Supply Pipe Leak,71.3,75,6.0,1.12,Normal,Normal,439.6,0.0
2026-08-28,B102,3381.8,3020.3,0,346.9,External Supply Pipe Leak,Possible External Supply Pipe Leak,73.8,75,6.4,1.17,Normal,Normal,346.9,0.0
2026-08-29,B102,3527.5,3017.4,0,462.9,External Supply Pipe Leak,Possible External Supply Pipe Leak,73.4,75,7.4,1.16,Normal,Normal,462.9,0.0
2026-08-30,B102,3487.8,3046.4,0,469.0,External Supply Pipe Leak,Possible External Supply Pipe Leak,75.2,75,7.5,1.22,Normal,Normal,469.0,0.0
2026-08-31,B102,3101.2,2688.8,0,408.5,External Supply Pipe Leak,Possible External Supply Pipe Leak,72.1,75,6.7,1.0,Normal,Normal,408.5,0.0
2026-09-01,B102,3219.0,2844.1,0,357.5,External Supply Pipe Leak,Possible External Supply Pipe Leak,71.5,75,6.5,1.15,Normal,Normal,357.5,0.0
2026-09-02,B102,3340.2,2884.3,0,448.9,External Supply Pipe Leak,Possible External Supply Pipe Leak,76.2,75,6.8,1.07,Normal,Normal,448.9,0.0
2026-09-03,B102,3015.6,2611.5,0,419.3,External Supply Pipe Leak,Possible External Supply Pipe Leak,75.8,75,6.7,1.15,Normal,Normal,419.3,0.0
2026-09-04,B102,3400.8,2933.8,0,467.5,External Supply Pipe Leak,Possible External Supply Pipe Leak,74.7,75,7.1,1.14,Normal,Normal,467.5,0.0
2026-09-05,B102,3286.9,2869.5,0,438.9,External Supply Pipe Leak,Possible External Supply Pipe Leak,73.0,75,6.5,1.17,Normal,Normal,438.9,0.0
2026-09-06,B102,3253.9,2873.1,0,403.6,External Supply Pipe Leak,Possible External Supply Pipe Leak,77.9,75,6.7,1.15,Normal,Normal,403.6,0.0
2026-09-07,B102,3375.4,2954.1,0,425.7,External Supply Pipe Leak,Possible External Supply Pipe Leak,73.5,75,7.4,1.16,Normal,Normal,425.7,0.0
2026-09-08,B102,3145.8,2780.5,0,382.6,External Supply Pipe Leak,Possible External Supply Pipe Leak,75.3,75,6.3,1.09,Normal,Normal,382.6,0.0
2026-09-09,B102,3292.3,2890.5,0,407.5,External Supply Pipe Leak,Possible External Supply Pipe Leak,72.5,75,6.9,1.16,Normal,Normal,407.5,0.0
2026-09-10,B102,3085.5,2654.6,0,422.2,External Supply Pipe Leak,Possible External Supply Pipe Leak,73.0,75,5.7,1.18,Normal,Normal,422.2,0.0
2026-09-11,B102,3265.4,2841.9,0,451.6,External Supply Pipe Leak,Possible External Supply Pipe Leak,74.2,75,7.1,1.17,Normal,Normal,451.6,0.0
2026-09-12,B102,3422.8,2910.0,0,503.2,External Supply Pipe Leak,Possible External Supply Pipe Leak,73.4,75,7.5,1.1,Normal,Normal,503.2,0.0
2026-09-13,B102,3459.1,3045.6,0,430.8,External Supply Pipe Leak,Possible External Supply Pipe Leak,75.0,75,6.6,1.15,Normal,Normal,430.8,0.0
2026-09-14,B102,3238.0,2790.9,0,467.0,External Supply Pipe Leak,Possible External Supply Pipe Leak,72.1,75,7.6,1.11,Normal,Normal,467.0,0.0
2026-09-15,B102,3107.0,2732.5,0,384.7,External Supply Pipe Leak,Possible External Supply Pipe Leak,75.3,75,7.5,1.1,Normal,Normal,384.7,0.0
2026-09-16,B102,2998.8,2587.0,0,400.9,External Supply Pipe Leak,Possible External Supply Pipe Leak,75.3,75,7.4,1.14,Normal,Normal,400.9,0.0
2026-09-17,B102,3162.8,2769.1,0,374.2,External Supply Pipe Leak,Possible External Supply Pipe Leak,76.8,75,6.7,1.26,Normal,Normal,374.2,0.0
2026-09-18,B102,3517.5,3085.0,0,452.6,External Supply Pipe Leak,Possible External Supply Pipe Leak,74.8,75,7.4,1.19,Normal,Normal,452.6,0.0
2026-09-19,B102,3580.8,3092.6,0,459.7,External Supply Pipe Leak,Possible External Supply Pipe Leak,72.0,75,5.9,1.15,Normal,Normal,459.7,0.0
2026-09-20,B102,3482.3,3075.4,0,411.8,External Supply Pipe Leak,Possible External Supply Pipe Leak,74.0,75,6.7,1.24,Normal,Normal,411.8,0.0
2026-09-21,B102,3249.6,2752.4,0,444.3,External Supply Pipe Leak,Possible External Supply Pipe Leak,76.0,75,7.2,1.15,Normal,Normal,444.3,0.0
2026-09-22,B102,3254.6,2884.8,0,394.5,External Supply Pipe Leak,Possible External Supply Pipe Leak,73.4,75,5.9,1.14,Normal,Normal,394.5,0.0
2026-09-23,B102,3316.7,2856.2,0,476.8,External Supply Pipe Leak,Possible External Supply Pipe Leak,71.6,75,7.4,1.11,Normal,Normal,476.8,0.0
2026-09-24,B102,3087.1,2757.2,0,329.3,External Supply Pipe Leak,Possible External Supply Pipe Leak,72.3,75,7.2,1.12,Normal,Normal,329.3,0.0
2026-09-25,B102,3471.7,3013.7,0,458.8,External Supply Pipe Leak,Possible External Supply Pipe Leak,79.0,75,7.0,1.15,Normal,Normal,458.8,0.0
2026-09-26,B102,3562.5,3143.7,0,431.2,External Supply Pipe Leak,Possible External Supply Pipe Leak,74.0,75,6.9,1.07,Normal,Normal,431.2,0.0
2026-06-29,B103,3009.7,3008.5,0,0.0,Tank Float Valve / Overflow Loss,Normal,71.7,75,7.5,1.25,Normal,Normal,0.0,0.0
2026-06-30,B103,3066.8,3055.3,0,0.0,Tank Float Valve / Overflow Loss,Normal,75.0,75,7.4,1.08,Normal,Normal,0.0,0.0
2026-07-01,B103,3007.8,3016.1,0,0.0,Tank Float Valve / Overflow Loss,Normal,72.6,75,6.8,1.12,Normal,Normal,0.0,0.0
2026-07-02,B103,2995.0,3006.3,0,0.0,Tank Float Valve / Overflow Loss,Normal,72.8,75,7.2,1.17,Normal,Normal,0.0,0.0
2026-07-03,B103,3437.9,3405.3,0,0.0,Tank Float Valve / Overflow Loss,Normal,70.5,75,7.4,1.17,Normal,Normal,0.0,0.0
2026-07-04,B103,3446.2,3447.0,0,0.0,Tank Float Valve / Overflow Loss,Normal,76.4,75,7.7,1.13,Normal,Normal,0.0,0.0
2026-07-05,B103,3284.4,3299.8,0,0.0,Tank Float Valve / Overflow Loss,Normal,75.1,75,7.5,1.12,Normal,Normal,0.0,0.0
2026-07-06,B103,3009.0,3024.2,0,0.0,Tank Float Valve / Overflow Loss,Normal,72.7,75,8.0,1.07,Normal,Normal,0.0,0.0
2026-07-07,B103,2934.5,2983.1,0,0.0,Tank Float Valve / Overflow Loss,Normal,72.6,75,5.9,1.12,Normal,Normal,0.0,0.0
2026-07-08,B103,3244.5,3232.0,0,0.0,Tank Float Valve / Overflow Loss,Normal,73.2,75,6.3,1.13,Normal,Normal,0.0,0.0
2026-07-09,B103,3278.7,3242.7,0,0.0,Tank Float Valve / Overflow Loss,Normal,76.3,75,8.1,1.08,Normal,Normal,0.0,0.0
2026-07-10,B103,3387.5,3402.1,0,0.0,Tank Float Valve / Overflow Loss,Normal,74.1,75,7.4,1.18,Normal,Normal,0.0,0.0
2026-07-11,B103,3478.9,3447.8,0,0.0,Tank Float Valve / Overflow Loss,Normal,76.0,75,7.5,1.14,Normal,Normal,0.0,0.0
2026-07-12,B103,3161.5,3235.3,0,0.0,Tank Float Valve / Overflow Loss,Normal,72.4,75,7.7,1.05,Normal,Normal,0.0,0.0
2026-07-13,B103,2999.8,3042.9,0,0.0,Tank Float Valve / Overflow Loss,Normal,73.3,75,6.7,1.18,Normal,Normal,0.0,0.0
2026-07-14,B103,3069.3,3065.5,0,0.0,Tank Float Valve / Overflow Loss,Normal,72.8,75,7.7,1.15,Normal,Normal,0.0,0.0
2026-07-15,B103,3171.0,3154.3,0,0.0,Tank Float Valve / Overflow Loss,Normal,76.3,75,6.4,1.18,Normal,Normal,0.0,0.0
2026-07-16,B103,3253.2,3265.4,0,0.0,Tank Float Valve / Overflow Loss,Normal,72.2,75,7.3,1.04,Normal,Normal,0.0,0.0
2026-07-17,B103,4095.9,4073.8,0,0.0,Tank Float Valve / Overflow Loss,Normal,69.8,75,6.5,1.15,Normal,Normal,0.0,0.0
2026-07-18,B103,4043.8,4011.3,0,0.0,Tank Float Valve / Overflow Loss,Normal,78.0,75,6.9,1.17,Normal,Normal,0.0,0.0
2026-07-19,B103,4222.8,4248.7,0,0.0,Tank Float Valve / Overflow Loss,Normal,76.2,75,7.8,1.2,Normal,Normal,0.0,0.0
2026-07-20,B103,2778.1,2814.9,0,0.0,Tank Float Valve / Overflow Loss,Normal,73.1,75,6.9,1.08,Normal,Normal,0.0,0.0
2026-07-21,B103,3113.9,3114.1,0,0.0,Tank Float Valve / Overflow Loss,Normal,76.4,75,6.1,1.21,Normal,Normal,0.0,0.0
2026-07-22,B103,2837.2,2837.3,0,0.0,Tank Float Valve / Overflow Loss,Normal,74.0,75,7.0,1.09,Normal,Normal,0.0,0.0
2026-07-23,B103,2864.1,2904.0,0,0.0,Tank Float Valve / Overflow Loss,Normal,71.7,75,7.3,1.18,Normal,Normal,0.0,0.0
2026-07-24,B103,3248.5,3221.1,0,0.0,Tank Float Valve / Overflow Loss,Normal,72.5,75,7.7,1.21,Normal,Normal,0.0,0.0
2026-07-25,B103,3332.7,3310.0,0,0.0,Tank Float Valve / Overflow Loss,Normal,69.1,75,5.9,1.18,Normal,Normal,0.0,0.0
2026-07-26,B103,3179.7,3177.3,0,0.0,Tank Float Valve / Overflow Loss,Normal,71.4,75,6.9,1.12,Normal,Normal,0.0,0.0
2026-07-27,B103,2844.3,2869.5,0,0.0,Tank Float Valve / Overflow Loss,Normal,73.2,75,7.5,1.2,Normal,Normal,0.0,0.0
2026-07-28,B103,2878.2,2878.2,0,0.0,Tank Float Valve / Overflow Loss,Normal,75.0,75,8.9,1.07,Normal,Normal,0.0,0.0
2026-07-29,B103,2788.4,2772.9,0,0.0,Tank Float Valve / Overflow Loss,Normal,71.5,75,7.5,1.14,Normal,Normal,0.0,0.0
2026-07-30,B103,2913.8,2911.0,0,0.0,Tank Float Valve / Overflow Loss,Normal,74.2,75,7.1,1.12,Normal,Normal,0.0,0.0
2026-07-31,B103,3284.0,3273.6,0,0.0,Tank Float Valve / Overflow Loss,Normal,75.2,75,6.9,1.17,Normal,Normal,0.0,0.0
2026-08-01,B103,3247.3,3217.6,0,0.0,Tank Float Valve / Overflow Loss,Normal,74.2,75,7.0,1.19,Normal,Normal,0.0,0.0
2026-08-02,B103,3179.0,3174.7,0,0.0,Tank Float Valve / Overflow Loss,Normal,77.0,75,7.0,1.16,Normal,Normal,0.0,0.0
2026-08-03,B103,2855.3,2903.8,0,0.0,Tank Float Valve / Overflow Loss,Normal,70.4,75,6.6,1.14,Normal,Normal,0.0,0.0
2026-08-04,B103,2868.3,2886.3,0,0.0,Tank Float Valve / Overflow Loss,Normal,74.7,75,8.1,1.07,Normal,Normal,0.0,0.0
2026-08-05,B103,2998.9,3019.9,0,0.0,Tank Float Valve / Overflow Loss,Normal,74.9,75,7.1,1.13,Normal,Normal,0.0,0.0
2026-08-06,B103,2973.2,2982.1,0,0.0,Tank Float Valve / Overflow Loss,Normal,74.2,75,7.5,1.14,Normal,Normal,0.0,0.0
2026-08-07,B103,3025.9,2997.3,0,0.0,Tank Float Valve / Overflow Loss,Normal,73.8,75,7.1,1.11,Normal,Normal,0.0,0.0
2026-08-08,B103,3391.6,3352.5,0,0.0,Tank Float Valve / Overflow Loss,Normal,72.5,75,7.6,1.16,Normal,Normal,0.0,0.0
2026-08-09,B103,3081.6,3056.3,0,0.0,Tank Float Valve / Overflow Loss,Normal,74.2,75,6.9,1.18,Normal,Normal,0.0,0.0
2026-08-10,B103,2893.3,2923.0,0,0.0,Tank Float Valve / Overflow Loss,Normal,74.5,75,6.4,1.1,Normal,Normal,0.0,0.0
2026-08-11,B103,3015.1,3047.3,0,0.0,Tank Float Valve / Overflow Loss,Normal,74.9,75,6.7,1.19,Normal,Normal,0.0,0.0
2026-08-12,B103,3012.3,2990.0,0,0.0,Tank Float Valve / Overflow Loss,Normal,77.1,75,6.8,1.21,Normal,Normal,0.0,0.0
2026-08-13,B103,3032.3,3045.4,0,0.0,Tank Float Valve / Overflow Loss,Normal,70.0,75,7.2,1.14,Normal,Normal,0.0,0.0
2026-08-14,B103,3290.7,3304.2,0,0.0,Tank Float Valve / Overflow Loss,Normal,75.3,75,7.5,1.13,Normal,Normal,0.0,0.0
2026-08-15,B103,3375.8,3368.9,0,0.0,Tank Float Valve / Overflow Loss,Normal,76.0,75,7.9,1.26,Normal,Normal,0.0,0.0
2026-08-16,B103,4251.8,4243.9,0,0.0,Tank Float Valve / Overflow Loss,Normal,72.9,75,6.5,1.15,Normal,Normal,0.0,0.0
2026-08-17,B103,4054.0,4063.3,0,0.0,Tank Float Valve / Overflow Loss,Normal,72.4,75,7.5,1.14,Normal,Normal,0.0,0.0
2026-08-18,B103,3370.7,3018.3,0,375.3,Tank Float Valve / Overflow Loss,Possible Tank Overflow / Float Valve Issue,100.0,75,7.5,1.14,Normal,Possible Float Valve Failure / Overflow,0.0,375.3
2026-08-19,B103,3461.3,3096.9,0,379.5,Tank Float Valve / Overflow Loss,Possible Tank Overflow / Float Valve Issue,100.0,75,7.7,1.06,Normal,Possible Float Valve Failure / Overflow,0.0,379.5
2026-08-20,B103,3511.9,3132.2,0,380.7,Tank Float Valve / Overflow Loss,Possible Tank Overflow / Float Valve Issue,100.0,75,6.5,1.18,Normal,Possible Float Valve Failure / Overflow,0.0,380.7
2026-08-21,B103,3886.9,3552.7,0,360.4,Tank Float Valve / Overflow Loss,Possible Tank Overflow / Float Valve Issue,100.0,75,7.1,1.06,Normal,Possible Float Valve Failure / Overflow,0.0,360.4
2026-08-22,B103,3862.3,3536.3,0,369.4,Tank Float Valve / Overflow Loss,Possible Tank Overflow / Float Valve Issue,100.0,75,7.5,1.16,Normal,Possible Float Valve Failure / Overflow,0.0,369.4
2026-08-23,B103,3998.0,3660.6,0,315.4,Tank Float Valve / Overflow Loss,Possible Tank Overflow / Float Valve Issue,100.0,75,7.2,1.14,Normal,Possible Float Valve Failure / Overflow,0.0,315.4
2026-08-24,B103,3523.4,3139.8,0,375.9,Tank Float Valve / Overflow Loss,Possible Tank Overflow / Float Valve Issue,100.0,75,6.3,1.1,Normal,Possible Float Valve Failure / Overflow,0.0,375.9
2026-08-25,B103,3696.7,3321.4,0,347.9,Tank Float Valve / Overflow Loss,Possible Tank Overflow / Float Valve Issue,100.0,75,6.3,1.19,Normal,Possible Float Valve Failure / Overflow,0.0,347.9
2026-08-26,B103,3542.7,3169.1,0,384.5,Tank Float Valve / Overflow Loss,Possible Tank Overflow / Float Valve Issue,100.0,75,6.8,1.1,Normal,Possible Float Valve Failure / Overflow,0.0,384.5
2026-08-27,B103,3642.7,3263.6,0,362.3,Tank Float Valve / Overflow Loss,Possible Tank Overflow / Float Valve Issue,100.0,75,7.2,1.15,Normal,Possible Float Valve Failure / Overflow,0.0,362.3
2026-08-28,B103,3958.0,3574.8,0,387.0,Tank Float Valve / Overflow Loss,Possible Tank Overflow / Float Valve Issue,100.0,75,7.6,1.13,Normal,Possible Float Valve Failure / Overflow,0.0,387.0
2026-08-29,B103,3947.7,3609.7,0,357.1,Tank Float Valve / Overflow Loss,Possible Tank Overflow / Float Valve Issue,100.0,75,7.0,1.17,Normal,Possible Float Valve Failure / Overflow,0.0,357.1
2026-08-30,B103,3902.0,3572.1,0,364.5,Tank Float Valve / Overflow Loss,Possible Tank Overflow / Float Valve Issue,100.0,75,6.5,1.16,Normal,Possible Float Valve Failure / Overflow,0.0,364.5
2026-08-31,B103,3552.0,3177.4,0,353.7,Tank Float Valve / Overflow Loss,Possible Tank Overflow / Float Valve Issue,100.0,75,6.6,1.2,Normal,Possible Float Valve Failure / Overflow,0.0,353.7
2026-09-01,B103,3570.8,3226.0,0,371.7,Tank Float Valve / Overflow Loss,Possible Tank Overflow / Float Valve Issue,100.0,75,6.4,1.08,Normal,Possible Float Valve Failure / Overflow,0.0,371.7
2026-09-02,B103,3554.5,3176.1,0,368.5,Tank Float Valve / Overflow Loss,Possible Tank Overflow / Float Valve Issue,100.0,75,6.6,1.25,Normal,Possible Float Valve Failure / Overflow,0.0,368.5
2026-09-03,B103,3679.3,3309.8,0,357.6,Tank Float Valve / Overflow Loss,Possible Tank Overflow / Float Valve Issue,100.0,75,5.9,1.1,Normal,Possible Float Valve Failure / Overflow,0.0,357.6
2026-09-04,B103,3631.7,3279.1,0,371.5,Tank Float Valve / Overflow Loss,Possible Tank Overflow / Float Valve Issue,100.0,75,7.3,1.14,Normal,Possible Float Valve Failure / Overflow,0.0,371.5
2026-09-05,B103,3794.7,3431.8,0,368.3,Tank Float Valve / Overflow Loss,Possible Tank Overflow / Float Valve Issue,100.0,75,7.0,1.19,Normal,Possible Float Valve Failure / Overflow,0.0,368.3
2026-09-06,B103,3917.7,3578.2,0,354.6,Tank Float Valve / Overflow Loss,Possible Tank Overflow / Float Valve Issue,100.0,75,6.8,1.1,Normal,Possible Float Valve Failure / Overflow,0.0,354.6
2026-09-07,B103,3518.0,3210.6,0,326.9,Tank Float Valve / Overflow Loss,Possible Tank Overflow / Float Valve Issue,100.0,75,6.6,1.08,Normal,Possible Float Valve Failure / Overflow,0.0,326.9
2026-09-08,B103,3458.1,3244.4,0,258.9,Tank Float Valve / Overflow Loss,Possible Tank Overflow / Float Valve Issue,100.0,75,7.0,1.17,Normal,Possible Float Valve Failure / Overflow,0.0,258.9
2026-09-09,B103,3489.8,3194.6,0,305.0,Tank Float Valve / Overflow Loss,Possible Tank Overflow / Float Valve Issue,100.0,75,7.9,1.18,Normal,Possible Float Valve Failure / Overflow,0.0,305.0
2026-09-10,B103,3345.0,3012.4,0,329.1,Tank Float Valve / Overflow Loss,Possible Tank Overflow / Float Valve Issue,100.0,75,7.0,1.14,Normal,Possible Float Valve Failure / Overflow,0.0,329.1
2026-09-11,B103,3786.7,3381.6,0,383.2,Tank Float Valve / Overflow Loss,Possible Tank Overflow / Float Valve Issue,100.0,75,7.5,1.17,Normal,Possible Float Valve Failure / Overflow,0.0,383.2
2026-09-12,B103,3698.2,3321.6,0,362.3,Tank Float Valve / Overflow Loss,Possible Tank Overflow / Float Valve Issue,100.0,75,7.4,1.1,Normal,Possible Float Valve Failure / Overflow,0.0,362.3
2026-09-13,B103,3711.7,3395.9,0,317.3,Tank Float Valve / Overflow Loss,Possible Tank Overflow / Float Valve Issue,100.0,75,7.6,1.16,Normal,Possible Float Valve Failure / Overflow,0.0,317.3
2026-09-14,B103,3550.6,3164.6,0,400.6,Tank Float Valve / Overflow Loss,Possible Tank Overflow / Float Valve Issue,100.0,75,6.7,1.18,Normal,Possible Float Valve Failure / Overflow,0.0,400.6
2026-09-15,B103,3561.6,3195.2,0,350.7,Tank Float Valve / Overflow Loss,Possible Tank Overflow / Float Valve Issue,100.0,75,7.4,1.12,Normal,Possible Float Valve Failure / Overflow,0.0,350.7
2026-09-16,B103,3557.5,3210.4,0,371.7,Tank Float Valve / Overflow Loss,Possible Tank Overflow / Float Valve Issue,100.0,75,7.7,1.11,Normal,Possible Float Valve Failure / Overflow,0.0,371.7
2026-09-17,B103,3624.5,3200.6,0,415.5,Tank Float Valve / Overflow Loss,Possible Tank Overflow / Float Valve Issue,100.0,75,7.2,1.19,Normal,Possible Float Valve Failure / Overflow,0.0,415.5
2026-09-18,B103,3717.9,3330.9,0,370.7,Tank Float Valve / Overflow Loss,Possible Tank Overflow / Float Valve Issue,100.0,75,7.3,1.19,Normal,Possible Float Valve Failure / Overflow,0.0,370.7
2026-09-19,B103,3810.0,3428.1,0,358.2,Tank Float Valve / Overflow Loss,Possible Tank Overflow / Float Valve Issue,100.0,75,7.0,1.14,Normal,Possible Float Valve Failure / Overflow,0.0,358.2
2026-09-20,B103,3732.7,3392.6,0,363.6,Tank Float Valve / Overflow Loss,Possible Tank Overflow / Float Valve Issue,100.0,75,8.2,1.12,Normal,Possible Float Valve Failure / Overflow,0.0,363.6
2026-09-21,B103,3593.0,3241.0,0,368.6,Tank Float Valve / Overflow Loss,Possible Tank Overflow / Float Valve Issue,100.0,75,8.0,1.16,Normal,Possible Float Valve Failure / Overflow,0.0,368.6
2026-09-22,B103,3590.9,3297.1,0,310.5,Tank Float Valve / Overflow Loss,Possible Tank Overflow / Float Valve Issue,100.0,75,6.7,1.16,Normal,Possible Float Valve Failure / Overflow,0.0,310.5
2026-09-23,B103,3423.6,3125.7,0,370.2,Tank Float Valve / Overflow Loss,Possible Tank Overflow / Float Valve Issue,100.0,75,7.9,1.15,Normal,Possible Float Valve Failure / Overflow,0.0,370.2
2026-09-24,B103,3452.4,3092.0,0,376.5,Tank Float Valve / Overflow Loss,Possible Tank Overflow / Float Valve Issue,100.0,75,6.8,1.15,Normal,Possible Float Valve Failure / Overflow,0.0,376.5
2026-09-25,B103,3934.2,3630.4,0,306.1,Tank Float Valve / Overflow Loss,Possible Tank Overflow / Float Valve Issue,100.0,75,6.8,1.11,Normal,Possible Float Valve Failure / Overflow,0.0,306.1
2026-09-26,B103,3908.7,3595.1,0,348.9,Tank Float Valve / Overflow Loss,Possible Tank Overflow / Float Valve Issue,100.0,75,6.5,1.24,Normal,Possible Float Valve Failure / Overflow,0.0,348.9
2026-06-29,B104,2997.6,3005.6,0,0.0,Pump / Motor Issue,Normal,72.7,75,6.1,1.11,Normal,Normal,0.0,0.0
2026-06-30,B104,2800.4,2804.8,0,0.0,Pump / Motor Issue,Normal,71.3,75,5.8,1.27,Normal,Normal,0.0,0.0
2026-07-01,B104,2938.1,2962.0,0,0.0,Pump / Motor Issue,Normal,73.1,75,7.2,1.18,Normal,Normal,0.0,0.0
2026-07-02,B104,3023.6,3017.0,0,0.0,Pump / Motor Issue,Normal,79.4,75,8.0,1.23,Normal,Normal,0.0,0.0
2026-07-03,B104,3173.7,3138.3,0,0.0,Pump / Motor Issue,Normal,74.7,75,6.2,1.24,Normal,Normal,0.0,0.0
2026-07-04,B104,3364.2,3373.7,0,0.0,Pump / Motor Issue,Normal,71.5,75,7.9,1.2,Normal,Normal,0.0,0.0
2026-07-05,B104,3325.4,3330.1,0,0.0,Pump / Motor Issue,Normal,75.1,75,6.1,1.1,Normal,Normal,0.0,0.0
2026-07-06,B104,2943.8,2976.1,0,0.0,Pump / Motor Issue,Normal,71.9,75,8.0,1.23,Normal,Normal,0.0,0.0
2026-07-07,B104,3141.7,3148.9,0,0.0,Pump / Motor Issue,Normal,75.2,75,7.0,1.13,Normal,Normal,0.0,0.0
2026-07-08,B104,3106.8,3094.3,0,0.0,Pump / Motor Issue,Normal,77.7,75,7.9,1.08,Normal,Normal,0.0,0.0
2026-07-09,B104,3068.3,3072.1,0,0.0,Pump / Motor Issue,Normal,76.6,75,7.0,1.19,Normal,Normal,0.0,0.0
2026-07-10,B104,3335.4,3330.3,0,0.0,Pump / Motor Issue,Normal,74.3,75,8.1,1.19,Normal,Normal,0.0,0.0
2026-07-11,B104,3424.0,3429.6,0,0.0,Pump / Motor Issue,Normal,72.3,75,8.2,1.19,Normal,Normal,0.0,0.0
2026-07-12,B104,3287.2,3257.3,0,0.0,Pump / Motor Issue,Normal,76.4,75,7.0,1.1,Normal,Normal,0.0,0.0
2026-07-13,B104,2883.3,2885.6,0,0.0,Pump / Motor Issue,Normal,73.8,75,7.0,1.16,Normal,Normal,0.0,0.0
2026-07-14,B104,3110.6,3068.5,0,0.0,Pump / Motor Issue,Normal,75.8,75,6.4,1.14,Normal,Normal,0.0,0.0
2026-07-15,B104,3101.1,3089.8,0,0.0,Pump / Motor Issue,Normal,74.6,75,8.5,1.1,Normal,Normal,0.0,0.0
2026-07-16,B104,2972.8,2983.0,0,0.0,Pump / Motor Issue,Normal,72.4,75,7.5,1.09,Normal,Normal,0.0,0.0
2026-07-17,B104,3266.3,3288.1,0,0.0,Pump / Motor Issue,Normal,74.2,75,6.6,1.1,Normal,Normal,0.0,0.0
2026-07-18,B104,3333.8,3342.1,0,0.0,Pump / Motor Issue,Normal,74.2,75,6.1,1.13,Normal,Normal,0.0,0.0
2026-07-19,B104,3268.4,3267.9,0,0.0,Pump / Motor Issue,Normal,72.3,75,7.6,1.08,Normal,Normal,0.0,0.0
2026-07-20,B104,2881.5,2882.8,0,0.0,Pump / Motor Issue,Normal,74.3,75,7.1,1.13,Normal,Normal,0.0,0.0
2026-07-21,B104,2963.5,2946.6,0,0.0,Pump / Motor Issue,Normal,77.5,75,7.6,1.07,Normal,Normal,0.0,0.0
2026-07-22,B104,2822.0,2826.8,0,0.0,Pump / Motor Issue,Normal,74.0,75,6.9,1.18,Normal,Normal,0.0,0.0
2026-07-23,B104,2901.8,2912.5,0,0.0,Pump / Motor Issue,Normal,73.9,75,6.5,1.14,Normal,Normal,0.0,0.0
2026-07-24,B104,3282.1,3239.5,0,0.0,Pump / Motor Issue,Normal,74.8,75,8.6,1.15,Normal,Normal,0.0,0.0
2026-07-25,B104,3106.2,3101.6,0,0.0,Pump / Motor Issue,Normal,69.7,75,6.7,1.2,Normal,Normal,0.0,0.0
2026-07-26,B104,3008.6,2991.1,0,0.0,Pump / Motor Issue,Normal,74.4,75,6.5,1.2,Normal,Normal,0.0,0.0
2026-07-27,B104,2711.4,2719.9,0,0.0,Pump / Motor Issue,Normal,76.5,75,6.3,1.23,Normal,Normal,0.0,0.0
2026-07-28,B104,2792.1,2829.1,0,0.0,Pump / Motor Issue,Normal,74.7,75,7.3,1.1,Normal,Normal,0.0,0.0
2026-07-29,B104,2901.6,2909.3,0,0.0,Pump / Motor Issue,Normal,72.3,75,8.2,1.13,Normal,Normal,0.0,0.0
2026-07-30,B104,2790.4,2787.4,0,0.0,Pump / Motor Issue,Normal,72.4,75,6.5,1.18,Normal,Normal,0.0,0.0
2026-07-31,B104,3053.6,3060.5,0,0.0,Pump / Motor Issue,Normal,73.4,75,6.8,1.2,Normal,Normal,0.0,0.0
2026-08-01,B104,3242.4,3220.1,0,0.0,Pump / Motor Issue,Normal,74.4,75,5.9,1.23,Normal,Normal,0.0,0.0
2026-08-02,B104,3114.8,3108.3,0,0.0,Pump / Motor Issue,Normal,75.4,75,6.7,1.17,Normal,Normal,0.0,0.0
2026-08-03,B104,2863.9,2833.7,0,0.0,Pump / Motor Issue,Normal,74.9,75,7.4,1.22,Normal,Normal,0.0,0.0
2026-08-04,B104,2838.8,2865.2,0,0.0,Pump / Motor Issue,Normal,73.5,75,6.8,1.17,Normal,Normal,0.0,0.0
2026-08-05,B104,2792.8,2794.9,0,0.0,Pump / Motor Issue,Normal,73.7,75,6.0,1.1,Normal,Normal,0.0,0.0
2026-08-06,B104,2820.0,2810.2,0,0.0,Pump / Motor Issue,Normal,75.8,75,7.3,1.05,Normal,Normal,0.0,0.0
2026-08-07,B104,3117.4,3099.7,0,0.0,Pump / Motor Issue,Normal,72.8,75,6.3,1.18,Normal,Normal,0.0,0.0
2026-08-08,B104,3170.3,3171.9,0,0.0,Pump / Motor Issue,Normal,71.3,75,6.6,1.26,Normal,Normal,0.0,0.0
2026-08-09,B104,3113.3,3139.0,0,0.0,Pump / Motor Issue,Normal,75.7,75,7.5,1.12,Normal,Normal,0.0,0.0
2026-08-10,B104,3091.1,3096.3,0,0.0,Pump / Motor Issue,Normal,71.3,75,6.5,1.21,Normal,Normal,0.0,0.0
2026-08-11,B104,2925.4,2922.4,0,0.0,Pump / Motor Issue,Normal,71.9,75,6.4,1.09,Normal,Normal,0.0,0.0
2026-08-12,B104,2927.0,2930.5,0,0.0,Pump / Motor Issue,Normal,77.6,75,6.8,1.09,Normal,Normal,0.0,0.0
2026-08-13,B104,3034.5,3082.1,0,0.0,Pump / Motor Issue,Normal,74.8,75,7.4,1.19,Normal,Normal,0.0,0.0
2026-08-14,B104,3259.3,3281.2,0,0.0,Pump / Motor Issue,Normal,74.9,75,7.0,1.1,Normal,Normal,0.0,0.0
2026-08-15,B104,3319.4,3295.7,0,0.0,Pump / Motor Issue,Normal,72.7,75,7.2,1.17,Normal,Normal,0.0,0.0
2026-08-16,B104,3363.0,3354.5,0,0.0,Pump / Motor Issue,Normal,71.1,75,7.1,1.11,Normal,Normal,0.0,0.0
2026-08-17,B104,3048.3,3033.1,0,0.0,Pump / Motor Issue,Normal,74.1,75,7.4,1.15,Normal,Normal,0.0,0.0
2026-08-18,B104,3249.7,3288.0,0,0.0,Pump / Motor Issue,Possible Pump / Motor Issue,64.7,70,12.4,1.89,Abnormal Runtime / Current,Normal,0.0,0.0
2026-08-19,B104,3419.6,3429.8,0,0.0,Pump / Motor Issue,Possible Pump / Motor Issue,71.6,70,12.7,1.96,Abnormal Runtime / Current,Normal,0.0,0.0
2026-08-20,B104,3303.5,3291.1,0,0.0,Pump / Motor Issue,Possible Pump / Motor Issue,63.5,70,10.2,1.9,Abnormal Runtime / Current,Normal,0.0,0.0
2026-08-21,B104,3803.0,3768.0,0,0.0,Pump / Motor Issue,Possible Pump / Motor Issue,69.2,70,13.0,2.08,Abnormal Runtime / Current,Normal,0.0,0.0
2026-08-22,B104,3719.8,3716.1,0,0.0,Pump / Motor Issue,Possible Pump / Motor Issue,62.6,70,12.5,1.78,Abnormal Runtime / Current,Normal,0.0,0.0
2026-08-23,B104,3582.0,3603.1,0,0.0,Pump / Motor Issue,Possible Pump / Motor Issue,61.3,70,12.7,1.69,Abnormal Runtime / Current,Normal,0.0,0.0
2026-08-24,B104,3377.7,3384.8,0,0.0,Pump / Motor Issue,Possible Pump / Motor Issue,60.9,70,12.2,1.7,Abnormal Runtime / Current,Normal,0.0,0.0
2026-08-25,B104,3241.3,3212.5,0,0.0,Pump / Motor Issue,Possible Pump / Motor Issue,58.2,70,11.6,1.67,Abnormal Runtime / Current,Normal,0.0,0.0
2026-08-26,B104,3342.6,3352.3,0,0.0,Pump / Motor Issue,Possible Pump / Motor Issue,59.7,70,13.6,1.87,Abnormal Runtime / Current,Normal,0.0,0.0
2026-08-27,B104,3319.7,3333.0,0,0.0,Pump / Motor Issue,Possible Pump / Motor Issue,59.7,70,13.3,1.91,Abnormal Runtime / Current,Normal,0.0,0.0
2026-08-28,B104,3688.5,3720.4,0,0.0,Pump / Motor Issue,Possible Pump / Motor Issue,57.9,70,12.5,1.85,Abnormal Runtime / Current,Normal,0.0,0.0
2026-08-29,B104,3453.6,3455.9,0,0.0,Pump / Motor Issue,Possible Pump / Motor Issue,55.4,70,12.5,1.77,Abnormal Runtime / Current,Normal,0.0,0.0
2026-08-30,B104,3703.5,3723.8,0,0.0,Pump / Motor Issue,Possible Pump / Motor Issue,58.7,70,12.0,1.8,Abnormal Runtime / Current,Normal,0.0,0.0
2026-08-31,B104,3368.6,3392.8,0,0.0,Pump / Motor Issue,Possible Pump / Motor Issue,53.8,70,12.4,1.65,Abnormal Runtime / Current,Normal,0.0,0.0
2026-09-01,B104,3296.6,3280.5,0,0.0,Pump / Motor Issue,Possible Pump / Motor Issue,54.2,70,12.3,2.13,Abnormal Runtime / Current,Normal,0.0,0.0
2026-09-02,B104,3152.7,3159.9,0,0.0,Pump / Motor Issue,Possible Pump / Motor Issue,51.2,70,11.8,1.87,Abnormal Runtime / Current,Normal,0.0,0.0
2026-09-03,B104,3153.8,3167.5,0,0.0,Pump / Motor Issue,Possible Pump / Motor Issue,51.6,70,12.1,1.95,Abnormal Runtime / Current,Normal,0.0,0.0
2026-09-04,B104,3610.5,3599.8,0,0.0,Pump / Motor Issue,Possible Pump / Motor Issue,53.8,70,11.9,1.89,Abnormal Runtime / Current,Normal,0.0,0.0
2026-09-05,B104,3377.4,3368.6,0,0.0,Pump / Motor Issue,Possible Pump / Motor Issue,52.3,70,12.3,1.86,Abnormal Runtime / Current,Normal,0.0,0.0
2026-09-06,B104,3354.4,3391.0,0,0.0,Pump / Motor Issue,Possible Pump / Motor Issue,52.0,70,11.7,1.95,Abnormal Runtime / Current,Normal,0.0,0.0
2026-09-07,B104,3530.1,3469.5,0,0.0,Pump / Motor Issue,Possible Pump / Motor Issue,47.4,70,11.0,1.67,Abnormal Runtime / Current,Normal,0.0,0.0
2026-09-08,B104,3633.2,3606.9,0,0.0,Pump / Motor Issue,Possible Pump / Motor Issue,47.6,70,11.6,1.96,Abnormal Runtime / Current,Normal,0.0,0.0
2026-09-09,B104,3290.6,3261.3,0,0.0,Pump / Motor Issue,Possible Pump / Motor Issue,42.8,70,12.0,2.01,Abnormal Runtime / Current,Normal,0.0,0.0
2026-09-10,B104,3504.6,3476.9,0,0.0,Pump / Motor Issue,Possible Pump / Motor Issue,46.9,70,13.2,1.91,Abnormal Runtime / Current,Normal,0.0,0.0
2026-09-11,B104,3595.5,3627.7,0,0.0,Pump / Motor Issue,Possible Pump / Motor Issue,39.9,70,12.6,1.97,Abnormal Runtime / Current,Normal,0.0,0.0
2026-09-12,B104,3421.2,3437.3,0,0.0,Pump / Motor Issue,Possible Pump / Motor Issue,43.3,70,11.8,2.02,Abnormal Runtime / Current,Normal,0.0,0.0
2026-09-13,B104,3498.9,3522.2,0,0.0,Pump / Motor Issue,Possible Pump / Motor Issue,41.1,70,11.6,1.98,Abnormal Runtime / Current,Normal,0.0,0.0
2026-09-14,B104,3466.0,3483.6,0,0.0,Pump / Motor Issue,Possible Pump / Motor Issue,41.2,70,12.8,1.96,Abnormal Runtime / Current,Normal,0.0,0.0
2026-09-15,B104,3257.8,3271.4,0,0.0,Pump / Motor Issue,Possible Pump / Motor Issue,37.5,70,11.6,1.9,Abnormal Runtime / Current,Normal,0.0,0.0
2026-09-16,B104,3224.7,3234.7,0,0.0,Pump / Motor Issue,Possible Pump / Motor Issue,38.4,70,12.0,1.66,Abnormal Runtime / Current,Normal,0.0,0.0
2026-09-17,B104,3450.8,3456.4,0,0.0,Pump / Motor Issue,Possible Pump / Motor Issue,34.8,70,12.0,1.89,Abnormal Runtime / Current,Normal,0.0,0.0
2026-09-18,B104,3709.0,3694.4,0,0.0,Pump / Motor Issue,Possible Pump / Motor Issue,38.0,70,13.3,1.73,Abnormal Runtime / Current,Normal,0.0,0.0
2026-09-19,B104,3763.1,3762.7,0,0.0,Pump / Motor Issue,Possible Pump / Motor Issue,35.7,70,11.7,1.77,Abnormal Runtime / Current,Normal,0.0,0.0
2026-09-20,B104,3615.4,3612.3,0,0.0,Pump / Motor Issue,Possible Pump / Motor Issue,37.5,70,12.5,1.72,Abnormal Runtime / Current,Normal,0.0,0.0
2026-09-21,B104,3402.3,3433.5,0,0.0,Pump / Motor Issue,Possible Pump / Motor Issue,33.1,70,12.3,1.7,Abnormal Runtime / Current,Normal,0.0,0.0
2026-09-22,B104,3516.9,3503.2,0,0.0,Pump / Motor Issue,Possible Pump / Motor Issue,33.6,70,11.3,1.73,Abnormal Runtime / Current,Normal,0.0,0.0
2026-09-23,B104,3276.0,3290.2,0,0.0,Pump / Motor Issue,Possible Pump / Motor Issue,28.2,70,11.6,1.85,Abnormal Runtime / Current,Normal,0.0,0.0
2026-09-24,B104,3419.3,3443.8,0,0.0,Pump / Motor Issue,Possible Pump / Motor Issue,30.9,70,11.7,1.99,Abnormal Runtime / Current,Normal,0.0,0.0
2026-09-25,B104,3813.4,3834.1,0,0.0,Pump / Motor Issue,Possible Pump / Motor Issue,31.4,70,11.3,1.63,Abnormal Runtime / Current,Normal,0.0,0.0
2026-09-26,B104,3731.2,3718.7,0,0.0,Pump / Motor Issue,Possible Pump / Motor Issue,28.7,70,12.4,2.06,Abnormal Runtime / Current,Normal,0.0,0.0
2026-06-29,B105,2725.7,2749.7,0,0.0,Building-Wide Water Loss,Normal,72.8,75,6.3,1.15,Normal,Normal,0.0,0.0
2026-06-30,B105,2851.0,2838.1,0,0.0,Building-Wide Water Loss,Normal,72.7,75,6.6,1.17,Normal,Normal,0.0,0.0
2026-07-01,B105,3076.8,3052.2,0,0.0,Building-Wide Water Loss,Normal,74.2,75,7.1,1.13,Normal,Normal,0.0,0.0
2026-07-02,B105,3001.3,3017.6,0,0.0,Building-Wide Water Loss,Normal,73.9,75,8.0,1.23,Normal,Normal,0.0,0.0
2026-07-03,B105,3290.0,3307.4,0,0.0,Building-Wide Water Loss,Normal,77.0,75,7.4,1.12,Normal,Normal,0.0,0.0
2026-07-04,B105,3217.4,3232.2,0,0.0,Building-Wide Water Loss,Normal,71.9,75,6.1,1.09,Normal,Normal,0.0,0.0
2026-07-05,B105,3578.7,3587.6,0,0.0,Building-Wide Water Loss,Normal,78.8,75,6.4,1.19,Normal,Normal,0.0,0.0
2026-07-06,B105,2892.7,2897.1,0,0.0,Building-Wide Water Loss,Normal,72.0,75,5.3,1.17,Normal,Normal,0.0,0.0
2026-07-07,B105,2989.8,2992.0,0,0.0,Building-Wide Water Loss,Normal,77.0,75,6.5,1.07,Normal,Normal,0.0,0.0
2026-07-08,B105,3031.4,3011.0,0,0.0,Building-Wide Water Loss,Normal,71.7,75,7.9,1.15,Normal,Normal,0.0,0.0
2026-07-09,B105,3067.4,3060.7,0,0.0,Building-Wide Water Loss,Normal,76.8,75,8.2,1.17,Normal,Normal,0.0,0.0
2026-07-10,B105,3477.3,3489.7,0,0.0,Building-Wide Water Loss,Normal,70.4,75,7.5,1.11,Normal,Normal,0.0,0.0
2026-07-11,B105,3532.7,3518.8,0,0.0,Building-Wide Water Loss,Normal,72.5,75,7.0,1.13,Normal,Normal,0.0,0.0
2026-07-12,B105,3248.2,3258.3,0,0.0,Building-Wide Water Loss,Normal,77.9,75,7.4,1.13,Normal,Normal,0.0,0.0
2026-07-13,B105,3041.5,3037.1,0,0.0,Building-Wide Water Loss,Normal,75.8,75,6.9,1.14,Normal,Normal,0.0,0.0
2026-07-14,B105,2909.4,2938.8,0,0.0,Building-Wide Water Loss,Normal,71.3,75,7.0,1.2,Normal,Normal,0.0,0.0
2026-07-15,B105,3139.3,3132.5,0,0.0,Building-Wide Water Loss,Normal,75.4,75,7.1,1.12,Normal,Normal,0.0,0.0
2026-07-16,B105,2861.3,2862.2,0,0.0,Building-Wide Water Loss,Normal,79.1,75,7.6,1.19,Normal,Normal,0.0,0.0
2026-07-17,B105,4133.3,4160.0,0,0.0,Building-Wide Water Loss,Normal,74.3,75,6.9,1.19,Normal,Normal,0.0,0.0
2026-07-18,B105,4220.6,4212.9,0,0.0,Building-Wide Water Loss,Normal,77.2,75,7.4,1.15,Normal,Normal,0.0,0.0
2026-07-19,B105,4066.5,4060.5,0,0.0,Building-Wide Water Loss,Normal,71.7,75,6.0,1.12,Normal,Normal,0.0,0.0
2026-07-20,B105,2852.2,2835.9,0,0.0,Building-Wide Water Loss,Normal,78.3,75,6.8,1.1,Normal,Normal,0.0,0.0
2026-07-21,B105,2893.8,2895.7,0,0.0,Building-Wide Water Loss,Normal,72.6,75,7.2,1.07,Normal,Normal,0.0,0.0
2026-07-22,B105,3076.0,3074.1,0,0.0,Building-Wide Water Loss,Normal,73.4,75,6.8,1.12,Normal,Normal,0.0,0.0
2026-07-23,B105,2864.4,2875.3,0,0.0,Building-Wide Water Loss,Normal,72.7,75,6.9,1.06,Normal,Normal,0.0,0.0
2026-07-24,B105,3175.0,3163.1,0,0.0,Building-Wide Water Loss,Normal,74.5,75,7.5,1.19,Normal,Normal,0.0,0.0
2026-07-25,B105,3156.7,3158.8,0,0.0,Building-Wide Water Loss,Normal,72.4,75,7.4,1.11,Normal,Normal,0.0,0.0
2026-07-26,B105,3152.9,3189.9,0,0.0,Building-Wide Water Loss,Normal,71.9,75,6.7,1.15,Normal,Normal,0.0,0.0
2026-07-27,B105,2871.2,2866.0,0,0.0,Building-Wide Water Loss,Normal,73.7,75,7.2,1.15,Normal,Normal,0.0,0.0
2026-07-28,B105,2754.1,2751.0,0,0.0,Building-Wide Water Loss,Normal,75.3,75,6.7,1.17,Normal,Normal,0.0,0.0
2026-07-29,B105,2766.6,2720.0,0,0.0,Building-Wide Water Loss,Normal,73.7,75,7.2,1.17,Normal,Normal,0.0,0.0
2026-07-30,B105,2726.0,2733.0,0,0.0,Building-Wide Water Loss,Normal,76.5,75,5.8,1.17,Normal,Normal,0.0,0.0
2026-07-31,B105,3200.2,3189.4,0,0.0,Building-Wide Water Loss,Normal,74.1,75,7.9,1.18,Normal,Normal,0.0,0.0
2026-08-01,B105,3035.9,3052.1,0,0.0,Building-Wide Water Loss,Normal,73.6,75,7.8,1.15,Normal,Normal,0.0,0.0
2026-08-02,B105,3083.9,3101.4,0,0.0,Building-Wide Water Loss,Normal,74.8,75,6.2,1.12,Normal,Normal,0.0,0.0
2026-08-03,B105,2731.5,2728.2,0,0.0,Building-Wide Water Loss,Normal,70.7,75,7.9,1.17,Normal,Normal,0.0,0.0
2026-08-04,B105,2635.9,2650.7,0,0.0,Building-Wide Water Loss,Normal,73.7,75,7.9,1.16,Normal,Normal,0.0,0.0
2026-08-05,B105,2724.8,2723.9,0,0.0,Building-Wide Water Loss,Normal,73.7,75,6.4,1.18,Normal,Normal,0.0,0.0
2026-08-06,B105,2812.3,2839.1,0,0.0,Building-Wide Water Loss,Normal,75.1,75,5.9,1.2,Normal,Normal,0.0,0.0
2026-08-07,B105,3159.1,3157.8,0,0.0,Building-Wide Water Loss,Normal,76.1,75,7.4,1.08,Normal,Normal,0.0,0.0
2026-08-08,B105,3338.1,3349.2,0,0.0,Building-Wide Water Loss,Normal,76.3,75,6.5,1.11,Normal,Normal,0.0,0.0
2026-08-09,B105,3036.8,2999.7,0,0.0,Building-Wide Water Loss,Normal,77.0,75,7.1,1.18,Normal,Normal,0.0,0.0
2026-08-10,B105,2900.6,2905.8,0,0.0,Building-Wide Water Loss,Normal,73.7,75,7.2,1.13,Normal,Normal,0.0,0.0
2026-08-11,B105,2964.4,2967.7,0,0.0,Building-Wide Water Loss,Normal,74.5,75,7.6,1.1,Normal,Normal,0.0,0.0
2026-08-12,B105,2855.2,2828.2,0,0.0,Building-Wide Water Loss,Normal,72.5,75,8.2,1.13,Normal,Normal,0.0,0.0
2026-08-13,B105,2866.1,2898.5,0,0.0,Building-Wide Water Loss,Normal,71.0,75,7.0,1.12,Normal,Normal,0.0,0.0
2026-08-14,B105,3120.6,3110.6,0,0.0,Building-Wide Water Loss,Normal,72.2,75,7.4,1.11,Normal,Normal,0.0,0.0
2026-08-15,B105,3321.2,3329.1,0,0.0,Building-Wide Water Loss,Normal,75.5,75,6.9,1.2,Normal,Normal,0.0,0.0
2026-08-16,B105,4063.5,4068.7,0,0.0,Building-Wide Water Loss,Normal,71.1,75,8.0,1.17,Normal,Normal,0.0,0.0
2026-08-17,B105,3949.9,3948.4,0,0.0,Building-Wide Water Loss,Normal,74.3,75,6.8,1.15,Normal,Normal,0.0,0.0
2026-08-18,B105,2907.4,2861.2,0,0.0,Building-Wide Water Loss,Normal,74.3,75,7.3,1.17,Normal,Normal,0.0,0.0
2026-08-19,B105,2960.0,2981.9,0,0.0,Building-Wide Water Loss,Normal,78.1,75,8.0,1.1,Normal,Normal,0.0,0.0
2026-08-20,B105,3178.6,3183.8,0,0.0,Building-Wide Water Loss,Normal,73.5,75,7.2,1.15,Normal,Normal,0.0,0.0
2026-08-21,B105,3317.9,3304.1,0,0.0,Building-Wide Water Loss,Normal,74.1,75,7.9,1.16,Normal,Normal,0.0,0.0
2026-08-22,B105,3368.8,3380.5,0,0.0,Building-Wide Water Loss,Normal,73.9,75,6.9,1.14,Normal,Normal,0.0,0.0
2026-08-23,B105,3413.6,3415.1,0,0.0,Building-Wide Water Loss,Normal,74.7,75,6.3,1.19,Normal,Normal,0.0,0.0
2026-08-24,B105,3061.6,3048.1,0,0.0,Building-Wide Water Loss,Normal,74.3,75,7.4,1.06,Normal,Normal,0.0,0.0
2026-08-25,B105,3084.0,3074.0,0,0.0,Building-Wide Water Loss,Normal,76.2,75,6.9,1.17,Normal,Normal,0.0,0.0
2026-08-26,B105,3173.9,3183.8,0,0.0,Building-Wide Water Loss,Normal,76.2,75,7.1,1.1,Normal,Normal,0.0,0.0
2026-08-27,B105,3045.2,3010.6,0,0.0,Building-Wide Water Loss,Normal,72.7,75,6.5,1.14,Normal,Normal,0.0,0.0
2026-08-28,B105,3915.3,3378.3,0,527.3,Building-Wide Water Loss,Building-Wide Unaccounted Water,74.0,75,7.1,1.12,Normal,Normal,0.0,0.0
2026-08-29,B105,3856.1,3409.7,0,450.6,Building-Wide Water Loss,Building-Wide Unaccounted Water,75.4,75,6.9,1.2,Normal,Normal,0.0,0.0
2026-08-30,B105,3666.6,3176.8,0,508.9,Building-Wide Water Loss,Building-Wide Unaccounted Water,72.3,75,5.7,1.19,Normal,Normal,0.0,0.0
2026-08-31,B105,3474.3,2918.2,0,534.8,Building-Wide Water Loss,Building-Wide Unaccounted Water,72.6,75,7.2,1.17,Normal,Normal,0.0,0.0
2026-09-01,B105,3419.3,2939.4,0,479.1,Building-Wide Water Loss,Building-Wide Unaccounted Water,74.2,75,6.4,1.14,Normal,Normal,0.0,0.0
2026-09-02,B105,3321.0,2882.9,0,446.4,Building-Wide Water Loss,Building-Wide Unaccounted Water,73.0,75,6.8,1.22,Normal,Normal,0.0,0.0
2026-09-03,B105,3486.8,2949.7,0,520.4,Building-Wide Water Loss,Building-Wide Unaccounted Water,78.6,75,6.8,1.17,Normal,Normal,0.0,0.0
2026-09-04,B105,3467.1,2984.5,0,532.2,Building-Wide Water Loss,Building-Wide Unaccounted Water,74.3,75,7.2,1.12,Normal,Normal,0.0,0.0
2026-09-05,B105,3652.6,3226.2,0,439.5,Building-Wide Water Loss,Building-Wide Unaccounted Water,71.2,75,7.6,1.15,Normal,Normal,0.0,0.0
2026-09-06,B105,3633.6,3113.7,0,482.2,Building-Wide Water Loss,Building-Wide Unaccounted Water,72.8,75,7.5,1.17,Normal,Normal,0.0,0.0
2026-09-07,B105,3417.0,2918.4,0,469.2,Building-Wide Water Loss,Building-Wide Unaccounted Water,78.3,75,7.2,1.14,Normal,Normal,0.0,0.0
2026-09-08,B105,3545.8,2960.9,0,585.2,Building-Wide Water Loss,Building-Wide Unaccounted Water,75.2,75,6.8,1.14,Normal,Normal,0.0,0.0
2026-09-09,B105,3584.2,3022.8,0,569.2,Building-Wide Water Loss,Building-Wide Unaccounted Water,74.7,75,6.4,1.19,Normal,Normal,0.0,0.0
2026-09-10,B105,3314.9,2783.6,0,516.9,Building-Wide Water Loss,Building-Wide Unaccounted Water,73.1,75,7.5,1.02,Normal,Normal,0.0,0.0
2026-09-11,B105,3437.2,2950.4,0,465.7,Building-Wide Water Loss,Building-Wide Unaccounted Water,76.6,75,6.8,1.15,Normal,Normal,0.0,0.0
2026-09-12,B105,3616.1,3058.4,0,537.1,Building-Wide Water Loss,Building-Wide Unaccounted Water,79.5,75,5.9,1.08,Normal,Normal,0.0,0.0
2026-09-13,B105,3621.0,3184.5,0,466.5,Building-Wide Water Loss,Building-Wide Unaccounted Water,73.5,75,6.5,1.15,Normal,Normal,0.0,0.0
2026-09-14,B105,3220.4,2708.2,0,528.5,Building-Wide Water Loss,Building-Wide Unaccounted Water,72.1,75,7.6,1.21,Normal,Normal,0.0,0.0
2026-09-15,B105,3267.6,2730.2,0,543.9,Building-Wide Water Loss,Building-Wide Unaccounted Water,75.5,75,8.7,1.11,Normal,Normal,0.0,0.0
2026-09-16,B105,3305.9,2838.3,0,468.2,Building-Wide Water Loss,Building-Wide Unaccounted Water,75.8,75,6.4,1.12,Normal,Normal,0.0,0.0
2026-09-17,B105,3241.6,2742.9,0,477.2,Building-Wide Water Loss,Building-Wide Unaccounted Water,73.7,75,6.7,1.17,Normal,Normal,0.0,0.0
2026-09-18,B105,3559.3,3034.0,0,510.6,Building-Wide Water Loss,Building-Wide Unaccounted Water,71.6,75,7.7,1.13,Normal,Normal,0.0,0.0
2026-09-19,B105,3587.9,3075.3,0,483.9,Building-Wide Water Loss,Building-Wide Unaccounted Water,72.6,75,7.5,1.27,Normal,Normal,0.0,0.0
2026-09-20,B105,3518.6,3076.2,0,445.8,Building-Wide Water Loss,Building-Wide Unaccounted Water,74.7,75,6.4,1.11,Normal,Normal,0.0,0.0
2026-09-21,B105,3158.8,2722.0,0,466.3,Building-Wide Water Loss,Building-Wide Unaccounted Water,76.2,75,7.3,1.08,Normal,Normal,0.0,0.0
2026-09-22,B105,3407.2,2927.6,0,493.1,Building-Wide Water Loss,Building-Wide Unaccounted Water,75.7,75,6.1,1.13,Normal,Normal,0.0,0.0
2026-09-23,B105,3330.8,2779.1,0,518.8,Building-Wide Water Loss,Building-Wide Unaccounted Water,72.3,75,7.1,1.14,Normal,Normal,0.0,0.0
2026-09-24,B105,3423.5,2846.6,0,560.9,Building-Wide Water Loss,Building-Wide Unaccounted Water,73.1,75,6.6,1.1,Normal,Normal,0.0,0.0
2026-09-25,B105,3685.6,3166.9,0,534.6,Building-Wide Water Loss,Building-Wide Unaccounted Water,73.0,75,6.9,1.17,Normal,Normal,0.0,0.0
2026-09-26,B105,3856.8,3323.8,0,534.6,Building-Wide Water Loss,Building-Wide Unaccounted Water,72.7,75,6.8,1.17,Normal,Normal,0.0,0.0
