Date,Building_ID,Apartment_Meters_Total_Liters,Legitimate_External_Use_Liters,Unaccounted_Water_Liters,Main_Meter_Liters,Tank_Level_Percent,Pump_State
2026-09-01,1,6427.4,0,0.0,6427.4,70,Normal
2026-09-02,1,6734.6,0,0.0,6734.6,70,Normal
2026-09-03,1,7241.4,180,0.0,7421.4,70,Normal
2026-09-04,1,8651.0,0,0.0,8651.0,70,Normal
2026-09-05,1,8287.7,0,0.0,8287.7,70,Normal
2026-09-06,1,6880.1,0,0.0,6880.1,70,Normal
2026-09-07,1,7583.6,0,0.0,7583.6,70,Normal
2026-09-08,1,6496.9,0,0.0,6496.9,70,Normal
2026-09-09,1,7068.1,0,0.0,7068.1,70,Normal
2026-09-10,1,7799.9,180,0.0,7979.9,70,Normal
2026-09-11,1,8933.7,0,0.0,8933.7,70,Normal
2026-09-12,1,8492.1,0,0.0,8492.1,70,Normal
2026-09-13,1,7672.0,0,0.0,7672.0,70,Normal
2026-09-14,1,7081.7,0,0.0,7081.7,70,Normal
2026-09-15,1,7205.6,0,0.0,7205.6,70,Normal
2026-09-16,1,6565.1,0,3610.8,10175.9,99,Continuous
2026-09-17,1,7613.2,180,4187.3,11980.5,99,Continuous
2026-09-18,1,8861.8,0,0.0,8861.8,70,Normal
2026-09-19,1,8262.0,0,0.0,8262.0,70,Normal
2026-09-20,1,7139.2,0,0.0,7139.2,70,Normal
2026-09-01,2,6555.7,0,0.0,6555.7,70,Normal
2026-09-02,2,6716.3,0,0.0,6716.3,70,Normal
2026-09-03,2,6527.0,0,0.0,6527.0,70,Normal
2026-09-04,2,8560.9,0,0.0,8560.9,70,Normal
2026-09-05,2,8659.5,220,0.0,8879.5,70,Normal
2026-09-06,2,6650.0,0,0.0,6650.0,70,Normal
2026-09-07,2,6987.5,0,0.0,6987.5,70,Normal
2026-09-08,2,7078.0,0,0.0,7078.0,70,Normal
2026-09-09,2,6540.6,0,0.0,6540.6,70,Normal
2026-09-10,2,6250.9,0,950.0,7200.9,75,Normal
2026-09-11,2,8565.4,0,950.0,9515.4,75,Normal
2026-09-12,2,8550.1,220,950.0,9720.1,75,Normal
2026-09-13,2,7725.7,0,0.0,7725.7,70,Normal
2026-09-14,2,6401.5,0,0.0,6401.5,70,Normal
2026-09-15,2,6432.1,0,0.0,6432.1,70,Normal
2026-09-16,2,6777.3,0,0.0,6777.3,70,Normal
2026-09-17,2,6669.7,0,0.0,6669.7,70,Normal
2026-09-18,2,8565.0,0,0.0,8565.0,70,Normal
2026-09-19,2,9043.5,220,0.0,9263.5,70,Normal
2026-09-20,2,6894.6,0,0.0,6894.6,70,Normal
2026-09-01,3,4155.0,0,0.0,4155.0,70,Normal
2026-09-02,3,4088.2,0,0.0,4088.2,70,Normal
2026-09-03,3,4044.9,0,0.0,4044.9,70,Normal
2026-09-04,3,5598.9,150,0.0,5748.9,70,Normal
2026-09-05,3,5082.9,0,0.0,5082.9,70,Normal
2026-09-06,3,4141.7,0,0.0,4141.7,70,Normal
2026-09-07,3,4159.5,0,0.0,4159.5,70,Normal
2026-09-08,3,4233.6,0,0.0,4233.6,70,Normal
2026-09-09,3,4024.5,0,0.0,4024.5,70,Normal
2026-09-10,3,4096.3,0,0.0,4096.3,70,Normal
2026-09-11,3,5657.8,0,0.0,5657.8,70,Normal
2026-09-12,3,5387.6,0,0.0,5387.6,70,Normal
2026-09-13,3,4567.7,0,0.0,4567.7,70,Normal
2026-09-14,3,4194.5,150,0.0,4344.5,70,Normal
2026-09-15,3,4425.1,0,0.0,4425.1,70,Normal
2026-09-16,3,4234.1,0,0.0,4234.1,70,Normal
2026-09-17,3,4276.1,0,0.0,4276.1,70,Normal
2026-09-18,3,5500.3,0,0.0,5500.3,70,Normal
2026-09-19,3,5259.7,0,0.0,5259.7,70,Normal
2026-09-20,3,4080.6,0,0.0,4080.6,70,Normal
